Transaction_ID,Account_Number,Account_Type,Transaction_Type,Amount,Balance_After,Payment_Method,Transaction_Date,Location,Charges,Status
T00001,AC41310999,Student,Withdrawal,£665.19,£3316.18,Debit Card,05/04/2025,London,£24.01,Pending
T00002,AC34942574,Savings,Withdrawal,£1028.78,£10616.85,Debit Card,14/11/2025,Leeds,£11.68,Completed
T00003,AC64674145,Student,Payment,£2985.11,£8011.64,Online Banking,11/02/2025,Birmingham,£5.07,Completed
T00004,AC69333424,Business,Deposit,£454.06,£6344.2,Credit Card,08/06/2025,Liverpool,£9.5,Failed
T00005,AC77087224,Business,Payment,£886.88,£1116.94,Cheque,18/02/2025,Manchester,£7.54,Completed
T00006,AC59062866,Current,Payment,£2626.79,£3960.41,Cheque,15/05/2025,London,£2.34,Completed
T00007,AC35948512,Savings,Transfer,£2196.74,£9271.56,Online Banking,17/07/2025,Birmingham,£24.04,Completed
T00008,AC52996469,Current,Payment,£753.84,£4314.11,Cheque,25/05/2025,London,£12.96,Completed
T00009,AC98311330,Student,Withdrawal,£3906.34,£5314.99,Cheque,13/10/2025,Birmingham,£18.09,Failed
T00010,AC84956110,Student,Transfer,£2056.57,£9212.16,Debit Card,28/09/2025,Birmingham,£2.11,Completed
T00011,AC87908558,Savings,Payment,£4294.29,£10013.52,Cheque,14/12/2024,London,£13.17,Pending
T00012,AC37616500,Savings,Payment,£2106.13,£11642.32,Credit Card,29/07/2025,Liverpool,£1.73,Completed
T00013,AC65140084,Business,Deposit,£242.94,£5593.15,Online Banking,20/06/2025,Manchester,£10.18,Failed
T00014,AC70766804,Student,Withdrawal,£883.36,£6101.34,Credit Card,10/02/2025,Birmingham,£8.77,Pending
T00015,AC18341981,Savings,Deposit,£1693.32,£2334.96,Online Banking,19/05/2025,Birmingham,£13.63,Failed
T00016,AC84926212,Savings,Payment,£985.26,£4010.84,Cheque,27/01/2025,London,£19.73,Failed
T00017,AC77067614,Current,Payment,£4225.89,£7002.83,Cheque,06/03/2025,Leeds,£11.69,Pending
T00018,AC17097665,Savings,Deposit,£974.21,£3490.59,Online Banking,17/08/2025,Leeds,£23.49,Pending
T00019,AC51681353,Savings,Payment,£159.2,£1178.04,Online Banking,19/11/2025,Birmingham,£1.57,Failed
T00020,AC80054479,Savings,Payment,£4627.45,£11000.35,Credit Card,06/06/2025,Birmingham,£25.0,Completed
T00021,AC56896482,Current,Deposit,£888.84,£8421.08,Debit Card,28/04/2025,Manchester,£14.79,Failed
T00022,AC97916695,Savings,Deposit,£1958.1,£9644.86,Credit Card,30/10/2025,Birmingham,£6.8,Completed
T00023,AC93784412,Business,Transfer,£3210.87,£7346.74,Cheque,18/07/2025,Leeds,£14.23,Completed
T00024,AC95065321,Current,Withdrawal,£227.0,£8512.57,Online Banking,14/03/2025,Liverpool,£14.72,Completed
T00025,AC27496382,Student,Payment,£4681.59,£11993.69,Debit Card,18/10/2025,Leeds,£20.9,Pending
T00026,AC96906120,Student,Transfer,£876.1,£10495.25,Credit Card,04/02/2025,Birmingham,£19.78,Pending
T00027,AC97754235,Current,Withdrawal,£3757.32,£8631.54,Online Banking,24/03/2025,Leeds,£19.76,Failed
T00028,AC51345584,Business,Withdrawal,£1322.91,£3532.36,Credit Card,02/03/2025,Manchester,£24.72,Completed
T00029,AC97228399,Business,Withdrawal,£4119.35,£8890.06,Cheque,28/10/2025,Leeds,£19.53,Completed
T00030,AC57920245,Savings,Withdrawal,£4414.54,£9425.97,Credit Card,07/08/2025,Manchester,£4.96,Pending
T00031,AC70543333,Savings,Withdrawal,£3283.84,£4058.29,Cheque,22/08/2025,Leeds,£22.1,Completed
T00032,AC48147026,Business,Payment,£4160.39,£4932.01,Cheque,25/11/2025,Birmingham,£2.93,Failed
T00033,AC15981317,Savings,Transfer,£2740.94,£12426.02,Debit Card,02/06/2025,London,£24.84,Failed
T00034,AC80551980,Current,Deposit,£252.74,£8713.82,Cheque,25/06/2025,Liverpool,£16.08,Completed
T00035,AC23527770,Student,Payment,£809.29,£7235.35,Debit Card,09/10/2025,Liverpool,£13.64,Pending
T00036,AC47542864,Savings,Withdrawal,£3925.91,£13159.1,Credit Card,11/07/2025,Liverpool,£21.6,Completed
T00037,AC35196836,Business,Payment,£2437.39,£6142.04,Online Banking,26/12/2024,Birmingham,£16.62,Completed
T00038,AC73352641,Business,Transfer,£4222.19,£12125.99,Debit Card,29/04/2025,Birmingham,£13.24,Pending
T00039,AC60586882,Student,Deposit,£3391.0,£13130.31,Online Banking,25/07/2025,Leeds,£0.22,Failed
T00040,AC24465437,Savings,Deposit,£59.28,£5484.3,Cheque,19/06/2025,Leeds,£4.88,Failed
T00041,AC31500906,Business,Transfer,£853.64,£10608.51,Credit Card,13/08/2025,Leeds,£5.02,Pending
T00042,AC28627730,Business,Payment,£4956.98,£8055.93,Credit Card,15/05/2025,Manchester,£8.69,Failed
T00043,AC38470171,Current,Payment,£2945.77,£12655.83,Debit Card,19/12/2024,Leeds,£24.84,Completed
T00044,AC14551014,Current,Deposit,£2031.43,£10354.21,Cheque,06/12/2024,Leeds,£6.5,Pending
T00045,AC77471866,Savings,Withdrawal,£4368.62,£12207.54,Cheque,10/03/2025,London,£14.71,Completed
T00046,AC94939585,Business,Payment,£2614.72,£7877.06,Online Banking,06/04/2025,Manchester,£23.68,Pending
T00047,AC43893835,Savings,Transfer,£3223.51,£4819.49,Debit Card,10/07/2025,Leeds,£17.02,Completed
T00048,AC68361815,Current,Deposit,£4483.19,£11826.74,Online Banking,02/06/2025,Manchester,£12.93,Pending
T00049,AC39886323,Business,Deposit,£264.3,£9762.48,Credit Card,16/05/2025,London,£4.77,Completed
T00050,AC46388810,Student,Withdrawal,£1434.86,£9792.14,Cheque,20/07/2025,Manchester,£15.15,Completed
T00051,AC15947948,Current,Deposit,£952.28,£3713.55,Debit Card,16/05/2025,Birmingham,£11.59,Completed
T00052,AC41197796,Business,Deposit,£944.98,£10848.67,Debit Card,31/12/2024,London,£8.9,Pending
T00053,AC37448917,Business,Withdrawal,£561.46,£3186.85,Online Banking,08/07/2025,Manchester,£22.99,Completed
T00054,AC73730967,Savings,Payment,£4944.64,£6933.14,Credit Card,20/04/2025,Liverpool,£9.04,Failed
T00055,AC56331392,Business,Payment,£2177.13,£9045.35,Online Banking,22/06/2025,Manchester,£11.08,Pending
T00056,AC45951214,Current,Withdrawal,£4418.16,£9781.06,Cheque,22/11/2025,Birmingham,£20.34,Failed
T00057,AC57826194,Savings,Deposit,£4639.08,£8787.05,Debit Card,10/04/2025,Birmingham,£11.04,Failed
T00058,AC59199978,Student,Deposit,£614.32,£9605.95,Debit Card,24/08/2025,Manchester,£7.02,Failed
T00059,AC23300380,Student,Withdrawal,£4217.32,£8095.28,Debit Card,10/10/2025,Manchester,£19.56,Pending
T00060,AC16059858,Student,Transfer,£1955.36,£10537.7,Debit Card,27/05/2025,Manchester,£24.63,Completed
T00061,AC77902566,Current,Withdrawal,£3832.58,£10950.63,Online Banking,19/05/2025,Manchester,£23.62,Failed
T00062,AC45586044,Business,Deposit,£1540.54,£4717.38,Online Banking,25/12/2024,Manchester,£10.34,Pending
T00063,AC31099458,Business,Deposit,£1369.17,£3253.06,Debit Card,14/03/2025,Birmingham,£14.21,Completed
T00064,AC50457074,Student,Payment,£2704.19,£6943.66,Credit Card,23/09/2025,Leeds,£15.77,Pending
T00065,AC53355024,Current,Deposit,£755.83,£4839.89,Cheque,02/06/2025,London,£18.3,Completed
T00066,AC95324816,Savings,Payment,£4166.28,£4526.03,Online Banking,18/12/2024,Manchester,£17.75,Pending
T00067,AC32247210,Savings,Payment,£3137.65,£10873.38,Credit Card,04/02/2025,Leeds,£6.74,Pending
T00068,AC30184055,Student,Transfer,£2649.64,£6995.46,Credit Card,21/02/2025,Birmingham,£10.42,Completed
T00069,AC36524575,Business,Deposit,£1291.22,£3549.07,Online Banking,25/10/2025,Birmingham,£24.47,Pending
T00070,AC33499914,Student,Deposit,£3639.78,£11970.22,Cheque,01/09/2025,Manchester,£18.99,Failed
T00071,AC16025124,Business,Withdrawal,£2305.25,£8623.95,Debit Card,04/01/2025,Birmingham,£15.32,Failed
T00072,AC89420197,Savings,Payment,£2904.34,£11232.58,Cheque,08/04/2025,London,£7.16,Failed
T00073,AC46734162,Savings,Transfer,£4786.41,£6766.2,Online Banking,13/02/2025,Manchester,£19.85,Failed
T00074,AC92056112,Savings,Deposit,£3928.22,£8046.4,Credit Card,28/10/2025,Leeds,£4.77,Pending
T00075,AC49036649,Current,Deposit,£4380.59,£10795.76,Cheque,29/07/2025,London,£10.01,Pending
T00076,AC69219324,Student,Withdrawal,£966.04,£5920.31,Cheque,19/05/2025,Liverpool,£13.21,Pending
T00077,AC52404196,Current,Transfer,£1242.23,£6438.96,Cheque,31/01/2025,London,£20.09,Failed
T00078,AC53353256,Business,Deposit,£734.06,£3955.6,Online Banking,31/01/2025,Leeds,£23.02,Failed
T00079,AC95215464,Student,Transfer,£3261.34,£13025.79,Credit Card,23/02/2025,Leeds,£15.69,Completed
T00080,AC91287455,Business,Withdrawal,£4078.65,£9391.7,Online Banking,09/05/2025,Liverpool,£7.58,Pending
T00081,AC37912252,Student,Transfer,£2656.38,£3794.66,Debit Card,16/08/2025,Manchester,£1.13,Pending
T00082,AC95710490,Current,Payment,£4369.65,£11561.44,Credit Card,16/04/2025,London,£11.01,Pending
T00083,AC11794569,Business,Deposit,£1022.11,£5797.32,Debit Card,07/11/2025,London,£4.32,Failed
T00084,AC55684728,Student,Deposit,£4859.23,£11849.42,Online Banking,20/02/2025,Manchester,£2.91,Pending
T00085,AC33223802,Savings,Payment,£2301.02,£10634.54,Credit Card,16/06/2025,Birmingham,£22.69,Completed
T00086,AC54029292,Student,Deposit,£3878.28,£12668.88,Credit Card,19/10/2025,Liverpool,£18.52,Failed
T00087,AC27209489,Student,Deposit,£461.12,£1546.59,Cheque,02/02/2025,Manchester,£13.6,Pending
T00088,AC83492325,Savings,Withdrawal,£4742.1,£5867.23,Debit Card,03/05/2025,London,£12.97,Failed
T00089,AC62759343,Current,Deposit,£904.91,£9951.46,Cheque,16/08/2025,Leeds,£3.82,Failed
T00090,AC37609378,Business,Withdrawal,£3941.88,£11895.69,Online Banking,22/03/2025,Leeds,£5.19,Completed
T00091,AC15691567,Student,Deposit,£2643.34,£7133.61,Credit Card,23/02/2025,Liverpool,£23.6,Failed
T00092,AC80356237,Savings,Withdrawal,£1594.08,£3082.28,Debit Card,07/04/2025,Birmingham,£13.18,Completed
T00093,AC54661107,Savings,Transfer,£4116.98,£5573.31,Credit Card,26/01/2025,Manchester,£22.26,Failed
T00094,AC67104716,Student,Deposit,£4544.81,£7395.76,Online Banking,10/11/2025,Birmingham,£17.02,Failed
T00095,AC79842176,Business,Withdrawal,£4902.45,£13059.54,Credit Card,21/01/2025,London,£2.62,Failed
T00096,AC73502051,Business,Withdrawal,£1644.53,£8370.86,Credit Card,12/06/2025,Birmingham,£7.33,Completed
T00097,AC49990949,Current,Withdrawal,£2115.7,£7718.78,Online Banking,17/09/2025,Manchester,£10.46,Pending
T00098,AC94992709,Current,Withdrawal,£3416.45,£7166.77,Cheque,11/12/2024,Liverpool,£2.18,Completed
T00099,AC58906253,Current,Withdrawal,£4881.66,£10469.9,Debit Card,10/08/2025,London,£10.45,Failed
T00100,AC42204503,Savings,Deposit,£3905.28,£13476.54,Credit Card,19/09/2025,Manchester,£12.15,Failed
T00101,AC36012537,Business,Payment,£4612.46,£11481.26,Debit Card,07/02/2025,Birmingham,£8.07,Failed
T00102,AC17386980,Savings,Payment,£1621.54,£10809.94,Cheque,12/08/2025,Leeds,£13.94,Failed
T00103,AC39531274,Savings,Deposit,£3966.23,£5478.3,Cheque,07/11/2025,Birmingham,£15.33,Completed
T00104,AC46550056,Business,Withdrawal,£3275.69,£11448.34,Debit Card,11/10/2025,Liverpool,£23.32,Failed
T00105,AC41305863,Current,Transfer,£1992.42,£4997.31,Cheque,17/02/2025,Manchester,£15.85,Pending
T00106,AC58138213,Business,Deposit,£3406.68,£6150.61,Debit Card,13/02/2025,Liverpool,£14.97,Pending
T00107,AC82148815,Business,Deposit,£3952.07,£12792.21,Credit Card,30/12/2024,Manchester,£14.79,Completed
T00108,AC97685510,Business,Withdrawal,£2678.68,£7263.6,Credit Card,21/08/2025,Manchester,£16.14,Pending
T00109,AC48117251,Student,Withdrawal,£1239.58,£3539.54,Debit Card,13/11/2025,Manchester,£19.49,Pending
T00110,AC47339949,Business,Withdrawal,£672.4,£4624.65,Online Banking,30/09/2025,Manchester,£10.3,Pending
T00111,AC37350416,Student,Withdrawal,£1020.82,£5824.16,Cheque,22/02/2025,Liverpool,£10.79,Completed
T00112,AC90779864,Student,Withdrawal,£237.21,£9858.25,Credit Card,04/12/2024,Liverpool,£0.39,Completed
T00113,AC28155791,Student,Withdrawal,£1534.46,£7069.95,Debit Card,02/12/2025,Birmingham,£4.42,Pending
T00114,AC89587608,Business,Deposit,£4514.74,£4697.24,Debit Card,30/09/2025,Manchester,£10.17,Completed
T00115,AC18810033,Savings,Deposit,£556.45,£7340.72,Online Banking,17/11/2025,London,£5.58,Failed
T00116,AC26224740,Current,Payment,£2001.94,£7821.07,Debit Card,29/08/2025,Birmingham,£11.69,Failed
T00117,AC74918658,Student,Payment,£1836.61,£11793.59,Debit Card,26/10/2025,Leeds,£13.91,Failed
T00118,AC65418261,Student,Payment,£3148.83,£5377.14,Credit Card,19/11/2025,Manchester,£14.49,Failed
T00119,AC49353696,Business,Withdrawal,£2600.7,£7185.77,Credit Card,17/05/2025,Leeds,£7.87,Completed
T00120,AC40621236,Student,Transfer,£3562.59,£6822.49,Cheque,19/12/2024,Leeds,£2.84,Completed
T00121,AC22099301,Student,Payment,£1548.24,£7245.14,Debit Card,30/03/2025,Manchester,£18.28,Completed
T00122,AC55232978,Current,Payment,£3259.24,£12277.28,Debit Card,28/03/2025,Liverpool,£2.27,Pending
T00123,AC34151953,Business,Deposit,£4613.3,£8091.73,Credit Card,05/10/2025,Leeds,£20.72,Completed
T00124,AC85635199,Current,Transfer,£2436.32,£12137.83,Cheque,09/06/2025,Birmingham,£11.77,Completed
T00125,AC27165733,Current,Payment,£376.05,£4356.54,Debit Card,16/08/2025,London,£19.92,Completed
T00126,AC43901112,Business,Transfer,£912.0,£3079.85,Credit Card,18/05/2025,Birmingham,£13.68,Completed
T00127,AC71738407,Current,Withdrawal,£3897.47,£7689.41,Cheque,01/02/2025,Leeds,£7.07,Failed
T00128,AC94430140,Savings,Deposit,£1671.65,£9311.07,Debit Card,24/07/2025,Leeds,£12.96,Completed
T00129,AC45934310,Savings,Deposit,£2330.22,£7176.58,Debit Card,24/10/2025,Liverpool,£10.89,Failed
T00130,AC21148975,Current,Transfer,£1447.72,£3962.82,Cheque,24/05/2025,London,£23.88,Pending
T00131,AC71321731,Business,Deposit,£3769.24,£11019.21,Debit Card,07/01/2025,Liverpool,£14.41,Pending
T00132,AC33626248,Savings,Withdrawal,£3308.11,£6272.18,Debit Card,11/10/2025,Leeds,£18.8,Pending
T00133,AC17836390,Current,Transfer,£2653.64,£11318.42,Cheque,26/08/2025,Leeds,£7.04,Completed
T00134,AC44682258,Business,Withdrawal,£4960.35,£7797.51,Online Banking,04/06/2025,Manchester,£9.9,Failed
T00135,AC85222821,Savings,Deposit,£1420.96,£7758.74,Credit Card,23/09/2025,London,£21.27,Pending
T00136,AC86598580,Current,Withdrawal,£4135.5,£8702.92,Online Banking,22/07/2025,Manchester,£11.2,Completed
T00137,AC78773129,Student,Transfer,£4861.91,£7960.05,Cheque,22/09/2025,Liverpool,£1.01,Completed
T00138,AC15619780,Current,Deposit,£4540.77,£12329.11,Online Banking,19/07/2025,Leeds,£0.32,Pending
T00139,AC13350905,Business,Transfer,£20.08,£4982.21,Online Banking,25/01/2025,Birmingham,£24.87,Pending
T00140,AC52841996,Savings,Withdrawal,£3969.72,£12294.06,Cheque,03/05/2025,London,£22.52,Failed
T00141,AC30553943,Business,Withdrawal,£4076.85,£8711.52,Debit Card,07/07/2025,Liverpool,£17.56,Completed
T00142,AC54323574,Student,Payment,£1596.01,£6193.64,Cheque,13/12/2024,Leeds,£24.41,Completed
T00143,AC68694279,Current,Transfer,£4019.66,£11434.81,Debit Card,11/11/2025,London,£22.05,Failed
T00144,AC82981941,Business,Transfer,£453.35,£2873.49,Cheque,23/06/2025,Liverpool,£20.37,Failed
T00145,AC53076526,Student,Payment,£4096.07,£8460.02,Online Banking,14/06/2025,Manchester,£4.61,Failed
T00146,AC96026914,Student,Withdrawal,£1081.13,£8614.68,Cheque,22/11/2025,Liverpool,£0.15,Completed
T00147,AC32997951,Student,Transfer,£1788.49,£6999.15,Cheque,04/02/2025,Leeds,£2.9,Failed
T00148,AC17892637,Business,Deposit,£4818.99,£10234.52,Credit Card,17/12/2024,Liverpool,£3.12,Pending
T00149,AC65868477,Business,Withdrawal,£4507.93,£6159.93,Online Banking,03/04/2025,London,£6.74,Failed
T00150,AC90117858,Savings,Withdrawal,£1811.52,£3806.4,Debit Card,07/05/2025,London,£13.03,Failed
T00151,AC37457903,Savings,Withdrawal,£2648.95,£4251.32,Credit Card,23/04/2025,Birmingham,£15.02,Completed
T00152,AC81425287,Business,Withdrawal,£4745.12,£11957.23,Cheque,16/11/2025,Leeds,£17.64,Completed
T00153,AC39737930,Savings,Transfer,£3451.31,£11347.97,Credit Card,21/01/2025,Leeds,£23.03,Completed
T00154,AC35833980,Business,Deposit,£4765.82,£13061.82,Credit Card,07/07/2025,Liverpool,£4.49,Failed
T00155,AC32585328,Savings,Withdrawal,£1871.14,£4229.2,Cheque,22/11/2025,Liverpool,£9.26,Completed
T00156,AC96042623,Current,Deposit,£1184.56,£8413.32,Credit Card,24/11/2025,Birmingham,£3.72,Pending
T00157,AC89298845,Student,Payment,£4434.9,£13483.58,Cheque,31/08/2025,Liverpool,£9.31,Completed
T00158,AC64173923,Student,Deposit,£4828.78,£9549.47,Cheque,22/02/2025,Manchester,£9.31,Failed
T00159,AC36363489,Savings,Transfer,£1384.49,£9270.86,Cheque,15/07/2025,Manchester,£21.57,Pending
T00160,AC29274474,Savings,Deposit,£4932.2,£9694.8,Online Banking,23/06/2025,Birmingham,£11.97,Completed
T00161,AC28830074,Business,Deposit,£2629.78,£4249.02,Debit Card,28/06/2025,Liverpool,£1.61,Pending
T00162,AC63335101,Student,Payment,£254.2,£6541.38,Debit Card,27/06/2025,Leeds,£11.2,Pending
T00163,AC79010693,Business,Deposit,£1257.56,£5502.09,Cheque,24/02/2025,Birmingham,£17.24,Pending
T00164,AC72005679,Student,Deposit,£2724.59,£10334.63,Debit Card,09/02/2025,Leeds,£7.32,Completed
T00165,AC61327423,Business,Deposit,£4591.85,£12762.49,Cheque,19/08/2025,Leeds,£15.69,Pending
T00166,AC26791907,Savings,Transfer,£3604.3,£11641.75,Cheque,12/05/2025,London,£15.11,Pending
T00167,AC82577983,Savings,Withdrawal,£248.4,£7946.93,Cheque,28/11/2025,Liverpool,£10.03,Failed
T00168,AC37970891,Current,Transfer,£322.86,£10026.28,Debit Card,15/03/2025,Liverpool,£5.24,Failed
T00169,AC36427337,Student,Withdrawal,£1584.52,£5500.93,Debit Card,16/07/2025,London,£5.61,Pending
T00170,AC96855422,Current,Transfer,£1950.49,£8352.57,Debit Card,09/02/2025,Leeds,£3.4,Pending
T00171,AC40971345,Student,Deposit,£2371.64,£4513.08,Online Banking,21/09/2025,Manchester,£9.71,Failed
T00172,AC56507361,Savings,Transfer,£3396.24,£8402.06,Credit Card,14/03/2025,Leeds,£12.67,Completed
T00173,AC96391156,Business,Payment,£1862.68,£10824.18,Debit Card,03/01/2025,Leeds,£10.66,Pending
T00174,AC12450245,Student,Payment,£279.62,£4914.62,Online Banking,21/08/2025,Manchester,£22.7,Pending
T00175,AC60191516,Savings,Deposit,£3044.43,£7190.96,Credit Card,08/05/2025,Birmingham,£1.9,Pending
T00176,AC92571229,Savings,Withdrawal,£3101.02,£11680.16,Online Banking,23/07/2025,Birmingham,£8.91,Pending
T00177,AC33691289,Business,Transfer,£2470.48,£12047.61,Cheque,07/06/2025,Manchester,£23.62,Pending
T00178,AC32739748,Current,Withdrawal,£1883.53,£6628.65,Cheque,15/08/2025,Manchester,£17.19,Completed
T00179,AC25753638,Student,Withdrawal,£312.89,£7415.76,Online Banking,30/01/2025,Manchester,£15.36,Failed
T00180,AC37818310,Student,Deposit,£957.08,£6197.65,Debit Card,24/07/2025,Manchester,£4.02,Pending
T00181,AC81926654,Current,Deposit,£132.08,£5185.79,Cheque,05/09/2025,Birmingham,£24.98,Failed
T00182,AC84316097,Savings,Transfer,£3554.79,£5145.24,Credit Card,20/02/2025,Birmingham,£20.87,Pending
T00183,AC78865796,Student,Deposit,£3438.14,£9119.65,Online Banking,20/05/2025,Manchester,£12.55,Completed
T00184,AC45676537,Student,Transfer,£3502.73,£9454.65,Cheque,19/11/2025,London,£12.39,Pending
T00185,AC38518733,Student,Payment,£2563.92,£9894.89,Credit Card,24/12/2024,Liverpool,£1.8,Failed
T00186,AC71933990,Savings,Deposit,£4594.25,£6277.22,Online Banking,27/11/2025,Manchester,£18.68,Failed
T00187,AC22853627,Business,Deposit,£1571.95,£7731.33,Online Banking,11/03/2025,Birmingham,£24.17,Failed
T00188,AC41012489,Business,Deposit,£142.19,£7220.43,Credit Card,29/08/2025,Birmingham,£15.62,Failed
T00189,AC61939659,Student,Payment,£3605.36,£12313.1,Cheque,01/06/2025,Manchester,£24.1,Completed
T00190,AC76494237,Business,Payment,£930.5,£4879.39,Credit Card,07/06/2025,Manchester,£12.59,Pending
T00191,AC35011197,Business,Transfer,£1431.56,£5478.24,Cheque,20/10/2025,Manchester,£8.26,Pending
T00192,AC21104054,Student,Payment,£1803.21,£11348.41,Debit Card,13/03/2025,Liverpool,£10.84,Failed
T00193,AC36043621,Current,Transfer,£3245.12,£4946.99,Debit Card,02/10/2025,Leeds,£8.96,Failed
T00194,AC53361242,Current,Payment,£1504.32,£5821.58,Credit Card,05/01/2025,Liverpool,£16.13,Pending
T00195,AC89467100,Business,Withdrawal,£1424.79,£2531.28,Online Banking,23/02/2025,Leeds,£22.76,Failed
T00196,AC66600953,Business,Payment,£3848.25,£9452.87,Online Banking,06/03/2025,Manchester,£6.05,Completed
T00197,AC28465448,Student,Deposit,£4238.37,£13229.9,Debit Card,14/03/2025,London,£20.43,Pending
T00198,AC93165552,Current,Withdrawal,£1336.9,£1923.74,Debit Card,14/05/2025,Birmingham,£23.18,Completed
T00199,AC46477020,Business,Transfer,£4718.98,£12805.78,Credit Card,17/03/2025,Manchester,£12.19,Failed
T00200,AC42901784,Business,Withdrawal,£91.47,£6504.27,Credit Card,30/11/2025,London,£8.72,Completed
T00201,AC55492971,Current,Deposit,£653.79,£7090.11,Online Banking,08/06/2025,Leeds,£13.29,Failed
T00202,AC22710899,Current,Transfer,£986.84,£5986.06,Online Banking,30/05/2025,Birmingham,£24.73,Failed
T00203,AC15041561,Current,Transfer,£2205.46,£9466.86,Online Banking,26/03/2025,Leeds,£8.62,Failed
T00204,AC92051831,Student,Payment,£1491.83,£3876.95,Online Banking,03/11/2025,Leeds,£6.07,Completed
T00205,AC41652742,Student,Withdrawal,£2198.72,£6325.56,Credit Card,23/11/2025,Leeds,£18.38,Failed
T00206,AC11953749,Student,Payment,£4014.78,£13989.57,Online Banking,21/03/2025,Manchester,£7.56,Pending
T00207,AC67424270,Current,Transfer,£3582.81,£6100.0,Debit Card,25/12/2024,Leeds,£22.55,Failed
T00208,AC19365807,Student,Transfer,£584.74,£8541.58,Debit Card,12/02/2025,London,£13.76,Pending
T00209,AC50555089,Student,Transfer,£2639.45,£12160.15,Online Banking,09/12/2024,London,£10.37,Pending
T00210,AC73569888,Business,Payment,£4210.08,£10498.59,Online Banking,03/10/2025,London,£20.17,Failed
T00211,AC14887135,Current,Transfer,£4319.07,£6430.81,Online Banking,09/08/2025,Leeds,£8.55,Completed
T00212,AC73761097,Current,Transfer,£1274.43,£2636.63,Online Banking,26/04/2025,Liverpool,£24.5,Failed
T00213,AC98775671,Savings,Payment,£3377.49,£5154.71,Online Banking,04/11/2025,London,£21.17,Failed
T00214,AC82171633,Student,Payment,£1383.64,£5496.37,Online Banking,14/07/2025,Liverpool,£18.34,Completed
T00215,AC33847613,Savings,Withdrawal,£83.83,£2288.03,Cheque,01/04/2025,Liverpool,£4.82,Completed
T00216,AC14726074,Current,Payment,£380.31,£7103.75,Debit Card,23/04/2025,Birmingham,£13.95,Failed
T00217,AC17923030,Student,Withdrawal,£187.93,£9165.68,Online Banking,13/10/2025,Leeds,£14.41,Pending
T00218,AC25133180,Student,Transfer,£3203.51,£9441.34,Credit Card,08/02/2025,Birmingham,£24.47,Failed
T00219,AC14729576,Savings,Payment,£3713.37,£5298.34,Credit Card,01/06/2025,Liverpool,£10.51,Failed
T00220,AC27739098,Business,Withdrawal,£319.35,£1043.56,Debit Card,29/12/2024,Liverpool,£20.54,Failed
T00221,AC62057143,Student,Payment,£1452.67,£3513.69,Credit Card,09/03/2025,Liverpool,£16.5,Completed
T00222,AC28508334,Current,Withdrawal,£4459.68,£7540.84,Debit Card,29/01/2025,Birmingham,£6.55,Failed
T00223,AC96048997,Current,Withdrawal,£4369.64,£12777.36,Cheque,06/04/2025,Birmingham,£18.46,Completed
T00224,AC63999720,Savings,Deposit,£481.96,£1800.68,Debit Card,26/03/2025,London,£21.62,Completed
T00225,AC44182539,Savings,Withdrawal,£823.79,£5901.09,Online Banking,29/05/2025,Leeds,£20.21,Completed
T00226,AC47946401,Savings,Payment,£3852.05,£11122.39,Online Banking,06/04/2025,Manchester,£19.77,Completed
T00227,AC74030421,Savings,Payment,£3451.45,£8157.31,Cheque,06/06/2025,Leeds,£16.1,Failed
T00228,AC99245092,Student,Transfer,£2502.92,£4750.21,Credit Card,03/11/2025,Leeds,£7.17,Pending
T00229,AC74603834,Student,Transfer,£2091.2,£4993.78,Credit Card,21/09/2025,Liverpool,£13.6,Pending
T00230,AC80479754,Student,Transfer,£673.6,£3640.61,Online Banking,29/08/2025,Manchester,£7.45,Failed
T00231,AC83575691,Savings,Withdrawal,£4895.58,£7716.15,Online Banking,26/01/2025,London,£14.63,Pending
T00232,AC35906367,Business,Transfer,£3251.44,£9186.66,Credit Card,27/10/2025,Leeds,£20.8,Completed
T00233,AC40899048,Current,Withdrawal,£684.36,£8876.16,Credit Card,08/06/2025,London,£12.15,Pending
T00234,AC81267461,Current,Payment,£4215.82,£9692.92,Debit Card,20/12/2024,Birmingham,£7.98,Failed
T00235,AC76852748,Student,Deposit,£2426.35,£9292.26,Debit Card,14/07/2025,Manchester,£9.42,Failed
T00236,AC90134336,Student,Deposit,£1718.51,£11587.21,Cheque,24/08/2025,Liverpool,£20.19,Pending
T00237,AC48815223,Student,Payment,£416.02,£9952.01,Online Banking,26/12/2024,Manchester,£4.4,Pending
T00238,AC89393886,Current,Transfer,£3057.75,£9001.64,Credit Card,01/01/2025,Leeds,£21.66,Failed
T00239,AC67245384,Current,Withdrawal,£3316.79,£10570.21,Debit Card,04/05/2025,Leeds,£22.47,Pending
T00240,AC94680780,Current,Withdrawal,£225.19,£4467.03,Online Banking,11/12/2024,Birmingham,£20.26,Completed
T00241,AC83333012,Student,Payment,£2401.93,£4992.91,Online Banking,26/06/2025,London,£8.01,Completed
T00242,AC90000022,Current,Deposit,£3011.06,£7872.95,Credit Card,17/08/2025,Liverpool,£3.4,Completed
T00243,AC36037935,Business,Transfer,£2720.01,£8091.46,Credit Card,05/05/2025,London,£20.83,Failed
T00244,AC27378927,Student,Deposit,£1488.53,£6282.52,Cheque,20/11/2025,London,£12.78,Failed
T00245,AC33910398,Business,Deposit,£34.4,£196.38,Credit Card,30/05/2025,Liverpool,£16.18,Pending
T00246,AC99462780,Business,Deposit,£1758.77,£6052.76,Online Banking,16/09/2025,Liverpool,£24.02,Pending
T00247,AC58961876,Student,Deposit,£849.02,£6844.07,Credit Card,27/03/2025,London,£0.8,Completed
T00248,AC66924707,Savings,Transfer,£2627.98,£3623.8,Credit Card,19/01/2025,Birmingham,£1.9,Pending
T00249,AC49638592,Current,Withdrawal,£4008.05,£7522.85,Cheque,26/10/2025,Birmingham,£7.87,Pending
T00250,AC78394200,Current,Deposit,£4089.02,£13995.58,Cheque,13/10/2025,Liverpool,£17.47,Failed
T00251,AC72286121,Savings,Transfer,£2586.46,£6717.54,Debit Card,31/10/2025,Leeds,£10.62,Completed
T00252,AC30665970,Business,Deposit,£1745.82,£3351.05,Debit Card,09/02/2025,Liverpool,£23.47,Completed
T00253,AC69196748,Savings,Payment,£1122.15,£2799.93,Credit Card,20/12/2024,Liverpool,£1.91,Pending
T00254,AC43702960,Student,Withdrawal,£4432.07,£13598.77,Cheque,29/07/2025,Leeds,£12.6,Pending
T00255,AC57360325,Current,Deposit,£4025.52,£11375.97,Debit Card,05/09/2025,Birmingham,£12.42,Completed
T00256,AC18187063,Business,Withdrawal,£603.8,£8705.87,Cheque,30/09/2025,Liverpool,£0.63,Completed
T00257,AC85733317,Current,Payment,£3224.6,£12220.95,Cheque,27/12/2024,Birmingham,£8.11,Failed
T00258,AC81540078,Student,Withdrawal,£4358.34,£7652.33,Online Banking,12/10/2025,Birmingham,£12.89,Failed
T00259,AC68575833,Business,Payment,£326.0,£1157.64,Cheque,14/05/2025,Leeds,£23.48,Failed
T00260,AC96306747,Current,Payment,£4342.57,£4810.42,Debit Card,04/07/2025,Birmingham,£18.72,Completed
T00261,AC88717722,Business,Transfer,£4062.76,£9453.62,Debit Card,22/08/2025,Birmingham,£1.99,Failed
T00262,AC66206335,Business,Deposit,£1763.57,£10255.32,Credit Card,06/02/2025,London,£17.61,Pending
T00263,AC69498302,Current,Payment,£1758.07,£6768.01,Cheque,22/05/2025,Manchester,£2.31,Completed
T00264,AC55455498,Business,Withdrawal,£3082.71,£8641.87,Cheque,24/12/2024,Liverpool,£24.8,Completed
T00265,AC83514083,Business,Payment,£1155.04,£7967.83,Cheque,15/02/2025,Manchester,£1.9,Completed
T00266,AC86325783,Business,Payment,£4346.52,£9910.04,Cheque,02/03/2025,London,£24.27,Failed
T00267,AC36880027,Student,Payment,£2157.63,£12153.78,Online Banking,04/10/2025,Birmingham,£7.93,Failed
T00268,AC58070946,Business,Deposit,£3605.86,£12634.4,Credit Card,23/10/2025,London,£20.47,Failed
T00269,AC13826522,Student,Payment,£2424.16,£11835.46,Online Banking,10/07/2025,Manchester,£10.68,Failed
T00270,AC23404284,Student,Transfer,£1545.93,£10025.99,Cheque,23/04/2025,Birmingham,£9.15,Pending
T00271,AC67252469,Savings,Withdrawal,£4193.62,£5313.34,Online Banking,04/08/2025,Manchester,£5.52,Failed
T00272,AC11245267,Current,Withdrawal,£1979.53,£10759.89,Credit Card,15/09/2025,Birmingham,£0.6,Failed
T00273,AC77445720,Current,Payment,£437.61,£8278.16,Online Banking,24/09/2025,Manchester,£24.87,Pending
T00274,AC95491051,Savings,Withdrawal,£3897.73,£11117.28,Online Banking,16/04/2025,Leeds,£9.01,Completed
T00275,AC12935100,Business,Deposit,£4733.98,£8572.63,Debit Card,22/06/2025,Birmingham,£3.9,Completed
T00276,AC62486795,Business,Deposit,£2111.3,£4400.58,Cheque,11/03/2025,Birmingham,£6.99,Failed
T00277,AC17388306,Student,Deposit,£2851.6,£8424.62,Cheque,19/06/2025,Liverpool,£12.96,Completed
T00278,AC80906958,Student,Deposit,£913.54,£2493.64,Credit Card,16/06/2025,Manchester,£3.13,Pending
T00279,AC24063483,Savings,Deposit,£4573.88,£11068.03,Debit Card,14/09/2025,Manchester,£3.57,Failed
T00280,AC48908545,Savings,Deposit,£2631.86,£11386.62,Debit Card,12/06/2025,Birmingham,£24.82,Failed
T00281,AC51078126,Student,Payment,£413.83,£4027.75,Credit Card,27/11/2025,Birmingham,£14.36,Pending
T00282,AC94007110,Savings,Withdrawal,£891.85,£9818.51,Credit Card,23/06/2025,Leeds,£5.2,Failed
T00283,AC29778073,Current,Transfer,£2723.92,£9162.91,Online Banking,04/02/2025,Leeds,£21.69,Completed
T00284,AC14136129,Current,Payment,£980.82,£8607.18,Credit Card,19/08/2025,Birmingham,£16.37,Completed
T00285,AC66122892,Student,Deposit,£2867.29,£9818.09,Cheque,26/02/2025,London,£22.72,Pending
T00286,AC61547441,Business,Transfer,£1013.37,£4410.23,Credit Card,31/07/2025,Manchester,£12.19,Pending
T00287,AC13765126,Savings,Payment,£2830.18,£11898.41,Debit Card,24/04/2025,Manchester,£8.94,Completed
T00288,AC78053474,Savings,Deposit,£1863.08,£5387.94,Cheque,17/05/2025,Leeds,£19.86,Pending
T00289,AC71369417,Savings,Payment,£2199.17,£12133.13,Debit Card,18/06/2025,Leeds,£4.88,Pending
T00290,AC69101471,Savings,Withdrawal,£4495.3,£7123.26,Credit Card,24/06/2025,Birmingham,£22.42,Failed
T00291,AC53934824,Savings,Transfer,£98.87,£8106.08,Online Banking,14/03/2025,Birmingham,£9.3,Pending
T00292,AC27864019,Savings,Transfer,£1815.54,£10770.88,Online Banking,31/12/2024,London,£21.14,Failed
T00293,AC14825412,Current,Deposit,£4578.03,£4692.51,Cheque,07/07/2025,London,£1.33,Pending
T00294,AC15001685,Business,Transfer,£4805.52,£10429.66,Cheque,03/12/2024,Liverpool,£23.72,Failed
T00295,AC53069823,Business,Transfer,£2800.23,£9214.08,Online Banking,10/11/2025,Leeds,£17.52,Failed
T00296,AC73656554,Student,Payment,£1630.8,£4100.98,Cheque,06/10/2025,Manchester,£19.21,Completed
T00297,AC96569164,Student,Withdrawal,£3177.17,£9717.94,Cheque,15/09/2025,London,£16.48,Completed
T00298,AC36504783,Current,Transfer,£4079.66,£6659.98,Online Banking,18/10/2025,London,£2.78,Pending
T00299,AC79243253,Savings,Transfer,£3736.91,£12477.62,Credit Card,04/06/2025,London,£17.83,Completed
T00300,AC28213501,Savings,Deposit,£1047.34,£2270.47,Credit Card,14/05/2025,Manchester,£12.42,Pending
T00301,AC47055888,Savings,Withdrawal,£1780.61,£4820.56,Credit Card,03/03/2025,Birmingham,£15.05,Failed
T00302,AC17535399,Business,Payment,£160.8,£8647.31,Debit Card,10/11/2025,Liverpool,£8.5,Pending
T00303,AC58810644,Savings,Deposit,£4615.72,£8449.06,Online Banking,22/10/2025,Leeds,£13.04,Completed
T00304,AC97560468,Current,Withdrawal,£4703.65,£5862.89,Online Banking,04/09/2025,Manchester,£10.5,Completed
T00305,AC98161465,Current,Payment,£3680.32,£7745.42,Cheque,16/10/2025,Manchester,£5.55,Failed
T00306,AC91386972,Savings,Withdrawal,£1158.04,£4360.79,Online Banking,17/09/2025,Leeds,£0.45,Completed
T00307,AC65578905,Business,Transfer,£4762.61,£6844.3,Cheque,10/01/2025,Liverpool,£7.72,Failed
T00308,AC56517013,Current,Withdrawal,£3509.01,£11024.81,Credit Card,19/03/2025,Leeds,£14.25,Failed
T00309,AC24040587,Business,Transfer,£2470.98,£2670.2,Cheque,18/03/2025,Birmingham,£24.39,Failed
T00310,AC39033323,Business,Transfer,£4527.51,£11959.07,Cheque,28/08/2025,Leeds,£1.84,Failed
T00311,AC99482715,Business,Payment,£1953.13,£5535.96,Debit Card,10/11/2025,Manchester,£18.2,Pending
T00312,AC73516814,Business,Deposit,£4351.38,£6406.34,Credit Card,04/08/2025,Manchester,£13.58,Pending
T00313,AC93248410,Current,Deposit,£4852.54,£9903.94,Cheque,30/11/2025,Leeds,£22.63,Pending
T00314,AC10757366,Business,Withdrawal,£3650.29,£10635.4,Online Banking,14/11/2025,Manchester,£24.91,Failed
T00315,AC60355737,Business,Payment,£2868.54,£9960.11,Online Banking,29/12/2024,Liverpool,£3.3,Pending
T00316,AC26812395,Current,Withdrawal,£2460.77,£3577.25,Credit Card,09/01/2025,Birmingham,£13.54,Completed
T00317,AC37176057,Business,Withdrawal,£3019.59,£6353.5,Credit Card,21/08/2025,Leeds,£0.89,Pending
T00318,AC24966404,Savings,Deposit,£525.1,£8326.96,Debit Card,23/09/2025,Manchester,£0.29,Pending
T00319,AC26834361,Business,Deposit,£2393.84,£6846.31,Cheque,16/09/2025,Birmingham,£4.62,Failed
T00320,AC63953132,Student,Transfer,£26.77,£3859.01,Cheque,05/09/2025,Manchester,£24.68,Completed
T00321,AC27199572,Savings,Transfer,£3693.8,£10240.14,Online Banking,03/06/2025,Manchester,£2.34,Failed
T00322,AC75699730,Student,Withdrawal,£4246.21,£12438.78,Credit Card,27/04/2025,Birmingham,£15.31,Completed
T00323,AC39156875,Student,Payment,£1424.19,£2035.92,Cheque,07/03/2025,Birmingham,£17.1,Pending
T00324,AC53656293,Current,Deposit,£4557.96,£5854.76,Cheque,22/03/2025,Manchester,£5.45,Completed
T00325,AC16612891,Business,Transfer,£2674.36,£7937.79,Credit Card,18/12/2024,Liverpool,£9.34,Completed
T00326,AC99080551,Business,Deposit,£3358.18,£5954.24,Cheque,07/09/2025,Liverpool,£7.62,Pending
T00327,AC76857714,Savings,Payment,£2463.63,£12165.16,Online Banking,27/04/2025,Manchester,£6.82,Completed
T00328,AC46238821,Current,Transfer,£3350.32,£10492.76,Cheque,15/07/2025,Liverpool,£13.85,Failed
T00329,AC97228439,Savings,Transfer,£4533.97,£8161.83,Credit Card,19/08/2025,London,£22.4,Completed
T00330,AC56811256,Student,Withdrawal,£4506.78,£7010.83,Credit Card,04/01/2025,Leeds,£5.5,Pending
T00331,AC86962499,Current,Payment,£51.01,£7407.59,Cheque,17/04/2025,Leeds,£9.74,Completed
T00332,AC30318553,Savings,Payment,£1259.39,£10827.42,Cheque,24/07/2025,Birmingham,£1.03,Pending
T00333,AC51432098,Savings,Withdrawal,£310.9,£7327.91,Online Banking,20/12/2024,Liverpool,£2.42,Completed
T00334,AC79780278,Business,Deposit,£3727.02,£5807.65,Cheque,27/10/2025,Leeds,£18.41,Failed
T00335,AC41419338,Current,Payment,£1953.66,£7389.52,Credit Card,04/05/2025,London,£19.08,Completed
T00336,AC10840838,Student,Deposit,£3126.94,£6936.11,Credit Card,09/06/2025,Birmingham,£21.11,Completed
T00337,AC40944686,Current,Transfer,£328.67,£8995.48,Cheque,04/02/2025,Leeds,£13.62,Completed
T00338,AC38665177,Savings,Withdrawal,£3491.43,£3696.79,Cheque,25/12/2024,Liverpool,£18.49,Pending
T00339,AC29958952,Student,Withdrawal,£1957.36,£5461.92,Cheque,24/03/2025,Birmingham,£7.9,Pending
T00340,AC30763863,Business,Withdrawal,£2932.81,£4922.07,Cheque,01/04/2025,Leeds,£22.58,Completed
T00341,AC84802818,Savings,Transfer,£2643.77,£9576.15,Online Banking,13/11/2025,Manchester,£16.07,Failed
T00342,AC25624800,Current,Payment,£1676.32,£11014.47,Cheque,17/04/2025,London,£21.42,Failed
T00343,AC99639758,Business,Payment,£4042.8,£14042.02,Credit Card,08/07/2025,Birmingham,£24.5,Completed
T00344,AC82805058,Current,Payment,£1294.39,£2314.41,Debit Card,14/06/2025,Leeds,£20.66,Failed
T00345,AC72765784,Current,Transfer,£669.67,£1575.11,Online Banking,03/05/2025,Liverpool,£7.07,Pending
T00346,AC65828451,Student,Payment,£3734.65,£12751.84,Online Banking,03/04/2025,Manchester,£13.73,Failed
T00347,AC69661869,Current,Withdrawal,£4511.54,£10618.07,Debit Card,28/06/2025,Leeds,£24.29,Failed
T00348,AC24317545,Current,Payment,£3372.73,£8591.46,Online Banking,22/05/2025,Birmingham,£10.49,Pending
T00349,AC64923747,Savings,Payment,£4988.77,£14296.69,Debit Card,30/03/2025,Leeds,£10.94,Completed
T00350,AC61279324,Business,Deposit,£1706.34,£9186.96,Online Banking,22/08/2025,London,£0.89,Completed
T00351,AC68988871,Current,Deposit,£3842.82,£12323.04,Online Banking,31/07/2025,Leeds,£23.23,Pending
T00352,AC32267047,Student,Deposit,£4524.68,£12253.27,Credit Card,25/11/2025,Manchester,£19.87,Failed
T00353,AC25280083,Business,Payment,£1064.96,£6651.64,Debit Card,05/07/2025,Leeds,£23.15,Completed
T00354,AC17815090,Current,Withdrawal,£4903.77,£6622.54,Cheque,07/04/2025,Liverpool,£3.47,Completed
T00355,AC12198403,Current,Withdrawal,£3587.22,£6245.89,Debit Card,24/10/2025,London,£19.59,Completed
T00356,AC65716585,Business,Deposit,£979.22,£7443.05,Credit Card,15/03/2025,Birmingham,£14.34,Completed
T00357,AC71255625,Student,Deposit,£3710.05,£5880.78,Online Banking,06/09/2025,Birmingham,£2.66,Completed
T00358,AC31379132,Current,Withdrawal,£3474.16,£7393.54,Cheque,15/11/2025,Leeds,£9.14,Completed
T00359,AC81188656,Current,Withdrawal,£4400.77,£5127.91,Credit Card,20/05/2025,Birmingham,£2.69,Failed
T00360,AC31578960,Current,Withdrawal,£2614.87,£3438.24,Cheque,09/04/2025,Leeds,£14.06,Completed
T00361,AC84542070,Student,Transfer,£2173.09,£5657.9,Online Banking,18/11/2025,Liverpool,£18.71,Pending
T00362,AC50907145,Current,Payment,£2950.36,£5152.34,Cheque,17/10/2025,Liverpool,£20.5,Completed
T00363,AC35550845,Business,Transfer,£839.98,£7181.91,Online Banking,15/02/2025,Leeds,£17.75,Pending
T00364,AC68864640,Savings,Payment,£538.28,£8858.74,Online Banking,03/09/2025,Birmingham,£6.06,Pending
T00365,AC14608036,Student,Transfer,£216.74,£3531.82,Credit Card,23/07/2025,Liverpool,£11.62,Failed
T00366,AC46386428,Savings,Transfer,£4062.41,£13796.33,Credit Card,05/07/2025,Leeds,£19.15,Completed
T00367,AC44452244,Student,Withdrawal,£4519.43,£4993.87,Cheque,19/06/2025,Liverpool,£7.64,Pending
T00368,AC18335399,Student,Payment,£3392.05,£13031.45,Cheque,02/03/2025,Birmingham,£4.37,Pending
T00369,AC10336561,Student,Withdrawal,£4660.37,£8276.5,Cheque,02/11/2025,Birmingham,£24.84,Pending
T00370,AC24530453,Business,Transfer,£285.45,£9426.36,Cheque,12/03/2025,Liverpool,£10.88,Pending
T00371,AC20466210,Business,Deposit,£4992.85,£6096.73,Online Banking,18/08/2025,London,£3.74,Failed
T00372,AC58916201,Student,Payment,£4368.37,£13342.66,Cheque,23/10/2025,Birmingham,£5.09,Pending
T00373,AC79997229,Student,Payment,£4146.62,£5806.26,Online Banking,10/10/2025,London,£20.32,Pending
T00374,AC13609115,Current,Payment,£2140.83,£3810.02,Debit Card,01/02/2025,Leeds,£14.3,Failed
T00375,AC13743423,Current,Transfer,£1642.15,£9887.79,Online Banking,21/03/2025,Manchester,£20.16,Pending
T00376,AC95158180,Student,Payment,£4636.06,£7103.64,Debit Card,03/10/2025,Birmingham,£8.94,Pending
T00377,AC61153177,Student,Withdrawal,£1132.85,£7870.77,Credit Card,25/08/2025,London,£13.85,Completed
T00378,AC31510249,Savings,Payment,£1810.3,£6309.78,Debit Card,26/05/2025,London,£11.41,Completed
T00379,AC35583459,Current,Deposit,£90.28,£7422.33,Cheque,16/10/2025,Birmingham,£14.04,Pending
T00380,AC53052821,Savings,Transfer,£2020.91,£5063.65,Online Banking,15/04/2025,Leeds,£24.25,Pending
T00381,AC28753574,Student,Deposit,£174.47,£1941.38,Credit Card,11/10/2025,Liverpool,£19.16,Completed
T00382,AC95847544,Savings,Transfer,£535.88,£2619.52,Cheque,13/06/2025,Manchester,£3.84,Completed
T00383,AC51949613,Savings,Transfer,£251.27,£620.72,Credit Card,02/01/2025,Liverpool,£9.68,Pending
T00384,AC79365119,Business,Deposit,£2408.4,£3017.06,Cheque,23/04/2025,Birmingham,£7.7,Failed
T00385,AC79119721,Current,Payment,£4982.57,£13524.53,Online Banking,06/07/2025,Birmingham,£20.78,Failed
T00386,AC19278273,Business,Payment,£3385.22,£7330.19,Debit Card,25/05/2025,Leeds,£10.53,Pending
T00387,AC48913681,Student,Deposit,£753.93,£7881.85,Cheque,11/10/2025,London,£16.27,Pending
T00388,AC72723203,Savings,Deposit,£3693.56,£9513.08,Debit Card,20/04/2025,Liverpool,£24.53,Failed
T00389,AC94053734,Student,Payment,£916.13,£5409.78,Credit Card,14/10/2025,London,£12.17,Completed
T00390,AC93288648,Savings,Deposit,£3072.13,£7685.92,Debit Card,21/05/2025,Manchester,£22.39,Pending
T00391,AC42143384,Business,Transfer,£1919.58,£3014.31,Debit Card,11/01/2025,Birmingham,£6.23,Failed
T00392,AC78197527,Savings,Transfer,£1978.12,£4465.36,Cheque,11/07/2025,London,£12.2,Pending
T00393,AC93398012,Student,Payment,£4346.36,£14269.53,Credit Card,22/08/2025,Manchester,£16.28,Failed
T00394,AC70241976,Student,Deposit,£4386.33,£11206.7,Debit Card,06/05/2025,Birmingham,£16.87,Pending
T00395,AC85379696,Business,Transfer,£3354.11,£8600.8,Cheque,25/02/2025,Leeds,£6.86,Pending
T00396,AC16164503,Student,Deposit,£4938.7,£7407.85,Debit Card,06/07/2025,Liverpool,£17.58,Failed
T00397,AC40603155,Current,Payment,£967.43,£6411.08,Credit Card,31/03/2025,Liverpool,£19.59,Failed
T00398,AC42085130,Current,Withdrawal,£2021.56,£8617.6,Credit Card,30/05/2025,Liverpool,£17.98,Completed
T00399,AC61982415,Current,Withdrawal,£3301.5,£11818.85,Debit Card,24/10/2025,Liverpool,£18.38,Pending
T00400,AC25110106,Current,Payment,£2508.02,£9593.29,Debit Card,29/06/2025,Birmingham,£20.55,Pending
T00401,AC76525424,Current,Deposit,£4071.32,£10785.97,Credit Card,10/02/2025,London,£3.63,Failed
T00402,AC45840361,Business,Transfer,£4526.03,£12838.41,Cheque,04/12/2024,Leeds,£8.65,Pending
T00403,AC21605189,Student,Transfer,£3483.26,£9262.86,Debit Card,03/12/2024,London,£20.17,Completed
T00404,AC28946335,Current,Deposit,£4879.21,£11352.76,Credit Card,24/09/2025,London,£14.92,Completed
T00405,AC28601120,Current,Payment,£2684.68,£9445.41,Debit Card,23/06/2025,Liverpool,£7.67,Completed
T00406,AC67048211,Student,Withdrawal,£1390.11,£3761.02,Cheque,12/02/2025,London,£21.31,Pending
T00407,AC65700667,Student,Deposit,£1035.43,£10523.51,Credit Card,14/07/2025,Birmingham,£8.76,Failed
T00408,AC27173631,Current,Payment,£3490.44,£11267.54,Online Banking,06/10/2025,Leeds,£0.34,Pending
T00409,AC95335756,Student,Payment,£3741.14,£10776.82,Credit Card,01/01/2025,Liverpool,£12.16,Failed
T00410,AC57783976,Student,Deposit,£3635.96,£8924.51,Debit Card,15/07/2025,Leeds,£15.0,Pending
T00411,AC56040364,Current,Transfer,£1948.09,£5551.73,Online Banking,21/08/2025,Manchester,£0.83,Pending
T00412,AC75696615,Current,Deposit,£674.1,£10608.99,Debit Card,08/04/2025,London,£6.19,Completed
T00413,AC63394547,Savings,Transfer,£4457.45,£12905.54,Credit Card,05/08/2025,Manchester,£5.96,Failed
T00414,AC69233346,Current,Deposit,£2936.39,£6023.06,Online Banking,22/03/2025,Leeds,£17.62,Completed
T00415,AC41607420,Savings,Payment,£1495.53,£6536.22,Online Banking,23/03/2025,Manchester,£11.7,Completed
T00416,AC97314421,Business,Withdrawal,£2952.87,£4902.63,Online Banking,02/05/2025,Manchester,£13.6,Pending
T00417,AC34710519,Student,Deposit,£155.1,£4219.23,Online Banking,02/08/2025,Birmingham,£13.97,Completed
T00418,AC47864368,Current,Withdrawal,£3979.8,£13428.46,Cheque,14/09/2025,London,£20.08,Failed
T00419,AC69528299,Current,Transfer,£3181.62,£8799.14,Credit Card,19/06/2025,Manchester,£8.89,Failed
T00420,AC55662674,Student,Withdrawal,£763.88,£9716.2,Cheque,02/06/2025,Manchester,£16.04,Pending
T00421,AC58903399,Current,Deposit,£366.09,£3395.47,Online Banking,12/07/2025,Manchester,£15.57,Completed
T00422,AC31865736,Student,Transfer,£3516.39,£5126.09,Online Banking,11/02/2025,Liverpool,£10.1,Pending
T00423,AC13307777,Student,Deposit,£3934.2,£4567.9,Debit Card,21/04/2025,Liverpool,£6.92,Failed
T00424,AC10981666,Savings,Transfer,£80.94,£9009.7,Debit Card,15/11/2025,Birmingham,£9.27,Pending
T00425,AC38124249,Current,Withdrawal,£3164.85,£4288.14,Debit Card,13/01/2025,Leeds,£21.77,Completed
T00426,AC28178082,Student,Deposit,£587.92,£2257.32,Cheque,29/12/2024,Liverpool,£20.12,Failed
T00427,AC24117202,Savings,Transfer,£2460.92,£10196.67,Cheque,04/04/2025,Manchester,£6.04,Failed
T00428,AC99137286,Business,Withdrawal,£3115.36,£10897.72,Debit Card,15/10/2025,London,£23.94,Failed
T00429,AC64595469,Business,Deposit,£4904.83,£11200.56,Credit Card,15/05/2025,Liverpool,£13.07,Failed
T00430,AC20647477,Business,Withdrawal,£1778.69,£9904.36,Debit Card,26/12/2024,Manchester,£11.95,Failed
T00431,AC54123169,Student,Deposit,£2960.54,£7583.76,Debit Card,16/09/2025,Leeds,£23.96,Failed
T00432,AC87467823,Business,Payment,£1090.17,£8717.25,Credit Card,26/07/2025,Birmingham,£22.36,Failed
T00433,AC22171037,Current,Deposit,£272.55,£7704.55,Cheque,28/11/2025,Liverpool,£2.01,Completed
T00434,AC43111922,Current,Withdrawal,£442.87,£2995.51,Cheque,06/08/2025,Liverpool,£8.8,Pending
T00435,AC29203053,Savings,Payment,£525.57,£5179.26,Debit Card,13/08/2025,Birmingham,£0.84,Failed
T00436,AC55316286,Student,Deposit,£2748.35,£4540.04,Debit Card,30/01/2025,Liverpool,£14.04,Completed
T00437,AC92598228,Current,Withdrawal,£292.78,£9336.9,Cheque,18/05/2025,Leeds,£8.16,Failed
T00438,AC65648751,Student,Deposit,£2951.12,£10295.15,Cheque,24/07/2025,London,£7.61,Failed
T00439,AC96399966,Current,Withdrawal,£1073.18,£9983.55,Credit Card,16/08/2025,Leeds,£21.13,Failed
T00440,AC81287761,Student,Withdrawal,£2609.61,£4831.07,Credit Card,17/03/2025,Liverpool,£24.76,Pending
T00441,AC15828959,Savings,Transfer,£4747.01,£5668.94,Online Banking,03/07/2025,Liverpool,£13.96,Completed
T00442,AC57326190,Savings,Payment,£4686.39,£7054.23,Cheque,13/09/2025,London,£12.98,Pending
T00443,AC96416486,Student,Payment,£2755.2,£9395.09,Online Banking,30/10/2025,Liverpool,£14.37,Completed
T00444,AC54208333,Current,Deposit,£4770.43,£5680.34,Cheque,23/04/2025,Birmingham,£2.76,Pending
T00445,AC27488640,Current,Transfer,£4731.95,£13130.46,Online Banking,12/02/2025,Birmingham,£4.27,Completed
T00446,AC55593662,Savings,Withdrawal,£4073.1,£4911.19,Cheque,15/09/2025,Birmingham,£7.34,Failed
T00447,AC79291319,Business,Deposit,£4176.28,£4410.2,Credit Card,27/08/2025,Birmingham,£17.85,Completed
T00448,AC19988266,Current,Transfer,£2485.01,£7557.23,Online Banking,29/05/2025,Leeds,£5.39,Pending
T00449,AC13284369,Savings,Payment,£3562.87,£8332.61,Credit Card,07/12/2024,Leeds,£2.98,Pending
T00450,AC66199697,Current,Payment,£2928.16,£6758.22,Credit Card,09/12/2024,Leeds,£6.16,Completed
T00451,AC44900062,Student,Transfer,£4466.76,£11219.91,Debit Card,15/05/2025,Liverpool,£3.5,Pending
T00452,AC48039726,Student,Transfer,£1612.45,£9436.78,Cheque,07/06/2025,Leeds,£23.38,Failed
T00453,AC76416382,Current,Transfer,£2563.12,£3304.46,Online Banking,10/08/2025,Manchester,£23.66,Failed
T00454,AC27079106,Current,Transfer,£3868.24,£11319.75,Online Banking,20/06/2025,Manchester,£14.72,Failed
T00455,AC89744506,Student,Deposit,£1317.69,£9871.22,Debit Card,22/02/2025,Manchester,£9.33,Failed
T00456,AC96645355,Student,Payment,£3190.73,£8233.07,Cheque,20/04/2025,Liverpool,£22.92,Completed
T00457,AC90310030,Student,Payment,£2435.11,£4457.45,Online Banking,31/08/2025,Liverpool,£11.27,Completed
T00458,AC35195735,Current,Deposit,£384.76,£3266.36,Cheque,04/06/2025,London,£13.89,Completed
T00459,AC49995572,Business,Payment,£2212.52,£12003.3,Credit Card,25/12/2024,Manchester,£6.9,Completed
T00460,AC92208900,Current,Payment,£4572.81,£12136.61,Credit Card,26/08/2025,Manchester,£5.84,Completed
T00461,AC28482489,Current,Transfer,£4585.13,£10799.19,Online Banking,29/09/2025,Leeds,£11.08,Failed
T00462,AC66311631,Savings,Payment,£2945.27,£10212.83,Debit Card,14/04/2025,Leeds,£16.26,Completed
T00463,AC11363984,Savings,Transfer,£1927.15,£5827.34,Online Banking,13/12/2024,London,£10.65,Failed
T00464,AC65943145,Current,Withdrawal,£4489.3,£8066.3,Debit Card,18/02/2025,Manchester,£14.29,Completed
T00465,AC47623392,Savings,Transfer,£2989.95,£10178.29,Cheque,15/04/2025,London,£0.46,Completed
T00466,AC13330738,Student,Deposit,£2174.36,£9831.28,Debit Card,25/11/2025,Manchester,£3.65,Pending
T00467,AC55457244,Student,Payment,£4157.89,£14053.26,Debit Card,12/01/2025,Liverpool,£20.31,Failed
T00468,AC53882537,Savings,Withdrawal,£2864.82,£8984.28,Online Banking,20/10/2025,London,£24.05,Completed
T00469,AC40351383,Student,Payment,£4415.13,£6674.45,Cheque,28/11/2025,London,£3.42,Completed
T00470,AC81534226,Student,Deposit,£4765.99,£5743.05,Credit Card,19/10/2025,Manchester,£11.37,Pending
T00471,AC99346295,Business,Deposit,£2768.63,£8386.21,Credit Card,04/11/2025,Birmingham,£1.15,Pending
T00472,AC33473164,Current,Deposit,£2879.57,£5920.08,Online Banking,07/01/2025,Manchester,£24.35,Completed
T00473,AC59735508,Student,Withdrawal,£4831.59,£5662.05,Credit Card,18/05/2025,Liverpool,£0.48,Failed
T00474,AC46832745,Savings,Withdrawal,£1108.54,£9808.93,Online Banking,07/07/2025,Manchester,£15.37,Pending
T00475,AC47375603,Savings,Transfer,£3423.07,£10820.2,Credit Card,17/01/2025,Liverpool,£9.26,Completed
T00476,AC91729938,Student,Transfer,£610.77,£5873.34,Credit Card,22/09/2025,Birmingham,£7.35,Pending
T00477,AC57771637,Student,Deposit,£2370.27,£2924.43,Online Banking,16/03/2025,Liverpool,£21.9,Completed
T00478,AC93506992,Savings,Withdrawal,£4985.2,£10592.9,Credit Card,06/10/2025,Manchester,£16.82,Failed
T00479,AC75688514,Current,Withdrawal,£4120.46,£13798.15,Online Banking,26/12/2024,Leeds,£4.87,Pending
T00480,AC77251749,Current,Withdrawal,£2121.51,£8581.58,Debit Card,21/12/2024,London,£10.73,Pending
T00481,AC16686479,Current,Payment,£4737.33,£6330.74,Online Banking,09/08/2025,London,£22.46,Failed
T00482,AC33165675,Current,Deposit,£2425.64,£4470.35,Credit Card,21/08/2025,Birmingham,£3.5,Completed
T00483,AC57197147,Business,Transfer,£3084.7,£8836.53,Online Banking,30/03/2025,London,£7.67,Pending
T00484,AC86443357,Student,Deposit,£245.39,£6883.4,Cheque,15/04/2025,London,£14.29,Pending
T00485,AC55657221,Student,Withdrawal,£2411.03,£5434.65,Debit Card,07/03/2025,Manchester,£10.84,Pending
T00486,AC73601668,Student,Transfer,£850.98,£1663.67,Credit Card,28/10/2025,Leeds,£11.99,Failed
T00487,AC21280985,Student,Deposit,£3277.06,£12222.66,Credit Card,28/01/2025,Liverpool,£15.17,Pending
T00488,AC82942021,Current,Transfer,£4624.01,£5981.33,Credit Card,20/12/2024,Leeds,£22.11,Completed
T00489,AC62809437,Current,Withdrawal,£1146.77,£4624.13,Online Banking,03/09/2025,Manchester,£5.9,Completed
T00490,AC12708256,Current,Withdrawal,£296.15,£1082.87,Cheque,28/10/2025,London,£22.07,Failed
T00491,AC14153496,Student,Withdrawal,£2763.21,£5113.34,Online Banking,22/07/2025,Liverpool,£18.14,Completed
T00492,AC98673059,Savings,Transfer,£3936.56,£9109.52,Online Banking,26/08/2025,Birmingham,£6.45,Failed
T00493,AC96063682,Business,Payment,£3004.58,£6201.52,Debit Card,07/05/2025,Liverpool,£13.6,Pending
T00494,AC13273286,Current,Payment,£3278.09,£4503.73,Debit Card,24/08/2025,Liverpool,£10.92,Failed
T00495,AC40307248,Current,Transfer,£1559.8,£7704.55,Debit Card,25/08/2025,Liverpool,£23.29,Pending
T00496,AC27301718,Savings,Payment,£4892.96,£9088.4,Online Banking,24/06/2025,Birmingham,£10.53,Completed
T00497,AC17011409,Savings,Transfer,£1859.61,£11521.85,Debit Card,26/04/2025,Leeds,£17.54,Failed
T00498,AC43264157,Student,Payment,£543.57,£4963.86,Online Banking,12/11/2025,Liverpool,£6.08,Failed
T00499,AC72171283,Business,Payment,£4146.25,£13543.19,Cheque,10/05/2025,Liverpool,£5.38,Pending
T00500,AC11021906,Savings,Transfer,£4306.3,£13981.33,Cheque,20/01/2025,Liverpool,£22.09,Pending
T00501,AC46184865,Student,Deposit,£4701.87,£7291.88,Online Banking,16/08/2025,Leeds,£9.88,Failed
T00502,AC35130133,Business,Deposit,£1632.49,£10537.41,Cheque,02/10/2025,Leeds,£16.62,Completed
T00503,AC22126758,Savings,Transfer,£3505.75,£7959.96,Cheque,21/01/2025,London,£5.6,Failed
T00504,AC10475186,Business,Transfer,£4071.34,£4809.07,Cheque,18/04/2025,Leeds,£20.35,Pending
T00505,AC90086029,Savings,Transfer,£2516.75,£8317.66,Credit Card,11/10/2025,Manchester,£13.88,Failed
T00506,AC23775510,Business,Transfer,£3907.33,£5040.61,Online Banking,13/01/2025,Leeds,£9.91,Completed
T00507,AC26296481,Savings,Withdrawal,£3183.33,£12098.97,Debit Card,12/11/2025,London,£18.69,Failed
T00508,AC65531046,Savings,Withdrawal,£4604.37,£14087.55,Cheque,05/04/2025,Leeds,£24.26,Failed
T00509,AC43955526,Student,Transfer,£2083.34,£10685.93,Credit Card,04/01/2025,Leeds,£1.03,Pending
T00510,AC49105404,Savings,Transfer,£92.6,£3650.77,Debit Card,12/07/2025,Leeds,£14.21,Failed
T00511,AC78099118,Current,Transfer,£52.39,£4022.78,Credit Card,23/12/2024,Liverpool,£7.89,Failed
T00512,AC91005946,Business,Payment,£499.04,£6892.05,Credit Card,29/03/2025,Birmingham,£23.86,Completed
T00513,AC74342204,Student,Deposit,£2703.84,£12234.64,Cheque,19/10/2025,Liverpool,£2.28,Completed
T00514,AC41563973,Savings,Deposit,£4481.62,£14061.59,Credit Card,09/05/2025,Liverpool,£5.28,Failed
T00515,AC43683569,Student,Payment,£1371.63,£10677.27,Cheque,13/02/2025,Birmingham,£19.73,Pending
T00516,AC98770527,Current,Transfer,£4974.96,£6771.67,Debit Card,08/11/2025,Liverpool,£5.87,Failed
T00517,AC11767275,Savings,Withdrawal,£2454.0,£12123.14,Credit Card,05/03/2025,Birmingham,£18.37,Failed
T00518,AC89263981,Savings,Deposit,£2330.44,£10906.12,Cheque,11/04/2025,Leeds,£12.15,Failed
T00519,AC63823391,Student,Transfer,£1403.34,£10406.57,Credit Card,09/03/2025,Leeds,£8.67,Failed
T00520,AC52715172,Savings,Transfer,£1666.16,£6503.35,Online Banking,19/06/2025,London,£11.68,Pending
T00521,AC74437369,Savings,Withdrawal,£3049.64,£3350.81,Cheque,11/01/2025,Birmingham,£2.59,Pending
T00522,AC39664622,Current,Transfer,£374.7,£2996.69,Online Banking,28/06/2025,Birmingham,£13.42,Completed
T00523,AC74878949,Savings,Withdrawal,£3247.55,£8680.14,Cheque,01/05/2025,Leeds,£9.02,Failed
T00524,AC67345633,Savings,Transfer,£33.61,£9888.78,Cheque,29/07/2025,Leeds,£19.65,Pending
T00525,AC97870393,Student,Payment,£4666.18,£7615.89,Online Banking,14/11/2025,Manchester,£24.53,Pending
T00526,AC65276135,Student,Transfer,£2721.9,£5052.19,Credit Card,26/06/2025,London,£11.51,Pending
T00527,AC84051824,Student,Deposit,£2010.55,£2653.19,Credit Card,24/02/2025,Liverpool,£6.75,Completed
T00528,AC63518111,Business,Withdrawal,£429.87,£2036.29,Debit Card,18/11/2025,London,£1.53,Completed
T00529,AC56377167,Current,Withdrawal,£2084.8,£9457.52,Debit Card,31/03/2025,Birmingham,£12.42,Completed
T00530,AC75949910,Current,Withdrawal,£4529.3,£4976.09,Debit Card,22/05/2025,Birmingham,£13.98,Failed
T00531,AC73105918,Business,Withdrawal,£898.5,£8541.73,Credit Card,20/10/2025,Leeds,£8.36,Pending
T00532,AC55749450,Student,Payment,£435.38,£4225.2,Cheque,16/12/2024,Liverpool,£21.88,Completed
T00533,AC97192333,Savings,Payment,£247.69,£7578.17,Online Banking,15/10/2025,Leeds,£10.25,Failed
T00534,AC60162644,Savings,Deposit,£160.46,£324.59,Credit Card,16/10/2025,London,£11.11,Failed
T00535,AC16676147,Current,Withdrawal,£2133.75,£7649.64,Cheque,24/03/2025,Leeds,£2.98,Failed
T00536,AC37850389,Current,Payment,£3738.1,£4403.29,Credit Card,01/12/2025,Leeds,£3.95,Completed
T00537,AC49845562,Business,Withdrawal,£2856.54,£7578.86,Cheque,22/06/2025,Manchester,£6.53,Pending
T00538,AC42004169,Current,Transfer,£489.42,£8835.28,Cheque,09/10/2025,Leeds,£16.69,Completed
T00539,AC24545225,Business,Deposit,£3086.74,£3391.77,Credit Card,09/08/2025,Manchester,£0.65,Pending
T00540,AC21397485,Savings,Deposit,£929.48,£9908.89,Debit Card,03/09/2025,Leeds,£12.14,Failed
T00541,AC79137022,Savings,Transfer,£4546.52,£10264.49,Cheque,07/10/2025,Liverpool,£1.41,Completed
T00542,AC58712929,Business,Withdrawal,£1824.24,£4712.14,Online Banking,18/10/2025,Leeds,£19.29,Pending
T00543,AC89078274,Student,Deposit,£2454.63,£5097.57,Cheque,20/11/2025,London,£12.11,Pending
T00544,AC57790337,Current,Transfer,£823.65,£9956.17,Cheque,15/08/2025,Leeds,£5.27,Completed
T00545,AC64043370,Business,Deposit,£2097.72,£8705.11,Debit Card,23/06/2025,Liverpool,£20.51,Completed
T00546,AC69690920,Savings,Deposit,£1100.99,£7377.21,Debit Card,25/04/2025,Liverpool,£9.99,Failed
T00547,AC44644203,Student,Transfer,£4132.14,£5836.96,Online Banking,26/08/2025,Birmingham,£24.86,Completed
T00548,AC85084183,Current,Withdrawal,£2765.68,£8413.32,Debit Card,28/12/2024,London,£15.48,Pending
T00549,AC80144215,Savings,Payment,£3534.89,£5005.44,Online Banking,04/10/2025,Liverpool,£1.51,Failed
T00550,AC93729208,Business,Transfer,£1320.65,£8383.8,Online Banking,31/03/2025,Leeds,£20.06,Completed
T00551,AC49714168,Student,Payment,£3682.67,£12565.22,Online Banking,20/04/2025,London,£18.05,Completed
T00552,AC92584609,Savings,Transfer,£1011.79,£9728.35,Credit Card,11/04/2025,Leeds,£0.79,Failed
T00553,AC26472407,Savings,Withdrawal,£3956.17,£12430.89,Debit Card,29/09/2025,Leeds,£9.4,Pending
T00554,AC49587589,Current,Withdrawal,£133.56,£1115.37,Debit Card,11/03/2025,Birmingham,£14.17,Pending
T00555,AC38566600,Current,Payment,£4081.92,£6018.27,Cheque,08/05/2025,Manchester,£21.59,Completed
T00556,AC50560890,Business,Deposit,£872.37,£2614.76,Credit Card,26/10/2025,Birmingham,£23.06,Completed
T00557,AC97833333,Current,Payment,£4835.41,£10673.97,Online Banking,17/07/2025,Leeds,£17.18,Failed
T00558,AC19482100,Student,Payment,£2545.28,£8263.85,Cheque,25/11/2025,London,£12.24,Completed
T00559,AC34641086,Business,Transfer,£3686.99,£10365.52,Debit Card,06/12/2024,Leeds,£12.53,Completed
T00560,AC41745839,Student,Payment,£442.45,£7958.14,Credit Card,23/11/2025,Manchester,£12.49,Failed
T00561,AC18898334,Current,Deposit,£2699.7,£10038.05,Cheque,15/05/2025,London,£7.37,Failed
T00562,AC30883531,Student,Payment,£2975.07,£6414.2,Debit Card,28/01/2025,Manchester,£14.25,Completed
T00563,AC89856165,Student,Transfer,£4093.91,£4601.16,Credit Card,09/06/2025,Liverpool,£9.93,Failed
T00564,AC42379635,Current,Transfer,£1830.12,£7910.92,Cheque,25/09/2025,Leeds,£19.45,Failed
T00565,AC64544506,Business,Payment,£81.99,£6775.82,Cheque,18/08/2025,Leeds,£24.73,Pending
T00566,AC53363289,Business,Withdrawal,£4396.0,£5747.96,Cheque,20/03/2025,Leeds,£23.92,Completed
T00567,AC63052107,Savings,Payment,£1788.49,£5070.41,Credit Card,10/11/2025,Birmingham,£5.47,Completed
T00568,AC81609047,Current,Transfer,£4402.53,£7371.28,Cheque,03/07/2025,Liverpool,£10.55,Failed
T00569,AC40601715,Business,Deposit,£715.73,£4797.32,Credit Card,25/06/2025,Liverpool,£21.75,Pending
T00570,AC83588077,Savings,Withdrawal,£798.49,£5473.56,Credit Card,19/04/2025,London,£0.18,Completed
T00571,AC88356225,Business,Deposit,£2046.94,£4895.57,Cheque,22/06/2025,Liverpool,£21.72,Completed
T00572,AC25580055,Savings,Transfer,£1097.01,£4973.78,Credit Card,23/07/2025,Leeds,£14.84,Failed
T00573,AC28895990,Business,Transfer,£2854.47,£4016.99,Credit Card,21/05/2025,London,£12.95,Pending
T00574,AC85873465,Business,Payment,£4454.09,£11548.32,Cheque,01/02/2025,Birmingham,£10.01,Completed
T00575,AC65942754,Business,Transfer,£935.35,£5987.66,Credit Card,08/09/2025,Leeds,£10.45,Failed
T00576,AC28888006,Savings,Deposit,£731.47,£1384.2,Online Banking,13/05/2025,Liverpool,£17.01,Failed
T00577,AC54370519,Current,Withdrawal,£3817.76,£7870.23,Credit Card,24/03/2025,London,£18.55,Completed
T00578,AC69725644,Current,Deposit,£457.28,£5447.69,Debit Card,14/08/2025,Leeds,£5.63,Completed
T00579,AC70048640,Student,Transfer,£2653.07,£7056.52,Online Banking,30/05/2025,Manchester,£2.17,Failed
T00580,AC92352966,Student,Deposit,£2284.66,£5679.29,Online Banking,16/12/2024,London,£5.11,Failed
T00581,AC74619304,Business,Transfer,£1209.62,£5929.3,Cheque,13/12/2024,Birmingham,£21.99,Pending
T00582,AC76105451,Current,Deposit,£1265.96,£9942.08,Cheque,17/10/2025,London,£11.67,Failed
T00583,AC98429090,Student,Payment,£2936.56,£6799.23,Cheque,14/06/2025,Birmingham,£16.49,Failed
T00584,AC86385584,Student,Deposit,£1719.48,£4563.58,Online Banking,17/12/2024,London,£9.03,Pending
T00585,AC50924940,Savings,Deposit,£3217.51,£5544.66,Credit Card,21/03/2025,London,£0.56,Failed
T00586,AC79868604,Savings,Withdrawal,£2349.14,£4793.37,Debit Card,10/02/2025,Birmingham,£13.81,Failed
T00587,AC28909696,Current,Transfer,£2437.2,£10372.43,Cheque,24/09/2025,London,£9.44,Completed
T00588,AC40741993,Business,Deposit,£965.82,£7166.94,Cheque,28/08/2025,Birmingham,£13.53,Failed
T00589,AC21750680,Student,Deposit,£3583.08,£12966.28,Online Banking,16/02/2025,Leeds,£19.13,Failed
T00590,AC78096729,Student,Payment,£2709.63,£3075.07,Debit Card,02/03/2025,Leeds,£19.88,Pending
T00591,AC83897323,Savings,Payment,£948.93,£7352.65,Debit Card,26/12/2024,Manchester,£22.59,Failed
T00592,AC76971773,Student,Payment,£1593.95,£2656.61,Credit Card,07/09/2025,Birmingham,£11.44,Failed
T00593,AC54756143,Current,Payment,£456.79,£2955.77,Cheque,14/12/2024,Leeds,£21.83,Pending
T00594,AC96842124,Savings,Payment,£546.59,£8781.19,Online Banking,22/11/2025,Liverpool,£2.2,Pending
T00595,AC11315205,Current,Transfer,£1543.19,£5547.3,Credit Card,22/04/2025,Liverpool,£22.88,Pending
T00596,AC56392806,Student,Payment,£1501.3,£3530.79,Debit Card,07/06/2025,Liverpool,£21.94,Failed
T00597,AC80475272,Savings,Payment,£208.06,£3834.35,Credit Card,20/04/2025,Leeds,£5.37,Pending
T00598,AC25740422,Savings,Withdrawal,£504.5,£8068.78,Credit Card,10/10/2025,London,£9.55,Failed
T00599,AC88673678,Savings,Transfer,£2481.22,£5314.4,Online Banking,20/02/2025,Liverpool,£6.56,Failed
T00600,AC11763235,Savings,Deposit,£3234.85,£13029.8,Debit Card,07/02/2025,Leeds,£8.25,Failed
T00601,AC64742589,Current,Deposit,£4100.59,£7443.33,Debit Card,19/07/2025,London,£18.15,Pending
T00602,AC88023722,Student,Deposit,£454.66,£2776.59,Credit Card,20/12/2024,Birmingham,£2.85,Pending
T00603,AC74927507,Current,Transfer,£148.47,£10027.01,Cheque,09/10/2025,London,£19.24,Failed
T00604,AC12172895,Current,Payment,£4642.61,£8865.81,Credit Card,04/11/2025,Manchester,£6.37,Pending
T00605,AC81634858,Student,Payment,£4945.91,£13670.42,Debit Card,26/10/2025,Leeds,£13.54,Completed
T00606,AC71338340,Student,Deposit,£1538.74,£8763.65,Debit Card,23/08/2025,Manchester,£5.92,Completed
T00607,AC83226630,Savings,Deposit,£947.58,£3738.74,Online Banking,19/04/2025,Manchester,£24.26,Pending
T00608,AC13094216,Savings,Withdrawal,£1606.75,£6458.04,Debit Card,24/02/2025,Birmingham,£20.45,Completed
T00609,AC62315618,Savings,Payment,£2657.65,£4400.3,Debit Card,04/01/2025,London,£1.92,Failed
T00610,AC25242354,Business,Payment,£3605.42,£9637.73,Credit Card,08/10/2025,Manchester,£14.42,Failed
T00611,AC46125265,Savings,Withdrawal,£2246.7,£11594.13,Credit Card,01/12/2025,Birmingham,£7.72,Completed
T00612,AC50852766,Savings,Transfer,£1255.92,£8606.98,Debit Card,09/11/2025,Manchester,£17.2,Failed
T00613,AC52179764,Business,Deposit,£1369.12,£7522.46,Credit Card,26/09/2025,Birmingham,£11.48,Completed
T00614,AC32344800,Student,Payment,£3545.58,£5540.97,Online Banking,15/07/2025,Manchester,£16.55,Failed
T00615,AC71166576,Business,Transfer,£4807.23,£9650.42,Credit Card,09/02/2025,Manchester,£5.52,Pending
T00616,AC67261189,Business,Withdrawal,£1198.02,£7984.45,Credit Card,10/12/2024,London,£24.57,Completed
T00617,AC29180128,Savings,Deposit,£4518.55,£13097.09,Online Banking,20/10/2025,Birmingham,£24.35,Completed
T00618,AC35569816,Savings,Deposit,£1812.21,£5090.22,Cheque,22/12/2024,London,£3.07,Failed
T00619,AC30749654,Current,Payment,£1422.4,£10080.56,Cheque,09/11/2025,Birmingham,£18.35,Pending
T00620,AC26215168,Savings,Transfer,£4789.9,£11242.91,Cheque,08/09/2025,Leeds,£17.89,Failed
T00621,AC99196494,Current,Withdrawal,£3109.69,£7339.89,Debit Card,10/07/2025,Birmingham,£18.04,Completed
T00622,AC30085923,Current,Payment,£3481.43,£8442.24,Online Banking,18/02/2025,Liverpool,£1.93,Pending
T00623,AC32821293,Business,Payment,£3833.43,£11799.19,Online Banking,10/08/2025,Leeds,£22.75,Completed
T00624,AC28884883,Student,Deposit,£1968.74,£5450.94,Online Banking,26/07/2025,London,£18.55,Completed
T00625,AC91298066,Savings,Transfer,£2008.36,£9775.05,Credit Card,20/10/2025,Liverpool,£10.96,Completed
T00626,AC65058383,Current,Deposit,£3086.29,£3274.38,Online Banking,05/02/2025,Leeds,£9.35,Pending
T00627,AC89012981,Savings,Withdrawal,£3535.01,£6418.05,Debit Card,01/05/2025,Manchester,£3.76,Completed
T00628,AC83757073,Student,Payment,£3729.02,£10900.69,Cheque,26/12/2024,Manchester,£8.39,Pending
T00629,AC67579368,Business,Payment,£4825.11,£12228.64,Online Banking,13/01/2025,Liverpool,£7.34,Pending
T00630,AC35020066,Current,Payment,£2624.9,£9468.46,Cheque,16/06/2025,Leeds,£8.47,Pending
T00631,AC71213215,Current,Deposit,£4693.8,£11399.34,Cheque,12/05/2025,Leeds,£5.83,Failed
T00632,AC52813930,Business,Deposit,£2784.12,£3383.16,Cheque,03/05/2025,Liverpool,£3.03,Completed
T00633,AC53639507,Savings,Transfer,£3673.65,£8560.66,Cheque,15/03/2025,Leeds,£0.39,Completed
T00634,AC39124635,Business,Payment,£3140.63,£9603.32,Online Banking,07/01/2025,Leeds,£20.58,Pending
T00635,AC74428255,Student,Payment,£1890.36,£5860.86,Cheque,01/04/2025,Manchester,£15.83,Failed
T00636,AC14979339,Student,Payment,£2697.89,£5628.07,Credit Card,05/02/2025,Liverpool,£13.26,Completed
T00637,AC25836300,Current,Transfer,£4669.43,£7125.43,Credit Card,19/06/2025,Manchester,£21.87,Completed
T00638,AC57349493,Current,Deposit,£2899.3,£10429.26,Credit Card,23/06/2025,Leeds,£0.33,Completed
T00639,AC69806649,Savings,Deposit,£344.59,£2339.59,Online Banking,23/02/2025,London,£7.23,Pending
T00640,AC76146465,Savings,Payment,£687.67,£6920.54,Debit Card,25/04/2025,Liverpool,£14.37,Failed
T00641,AC74405646,Current,Withdrawal,£1637.11,£6621.95,Credit Card,18/10/2025,Birmingham,£11.5,Pending
T00642,AC60642063,Business,Transfer,£4961.85,£6732.6,Cheque,09/02/2025,Manchester,£12.28,Completed
T00643,AC44382175,Savings,Payment,£1685.27,£11495.92,Online Banking,12/01/2025,Liverpool,£22.49,Failed
T00644,AC34388310,Current,Payment,£4221.77,£6462.05,Cheque,22/05/2025,Birmingham,£15.98,Completed
T00645,AC72340957,Business,Payment,£4361.53,£9937.25,Debit Card,10/03/2025,Liverpool,£6.68,Failed
T00646,AC53415839,Student,Deposit,£1792.35,£11718.98,Cheque,24/09/2025,Liverpool,£16.14,Completed
T00647,AC91312738,Business,Transfer,£863.39,£3595.62,Online Banking,17/07/2025,Leeds,£23.76,Completed
T00648,AC97719362,Student,Payment,£635.02,£5124.02,Cheque,16/06/2025,Liverpool,£2.84,Completed
T00649,AC58943433,Business,Withdrawal,£3581.0,£12553.55,Cheque,01/01/2025,Birmingham,£23.09,Failed
T00650,AC78364799,Student,Deposit,£2759.6,£10840.23,Credit Card,25/08/2025,Birmingham,£21.24,Completed
T00651,AC85461161,Savings,Deposit,£2860.18,£6748.68,Debit Card,17/11/2025,London,£2.42,Pending
T00652,AC97479203,Business,Deposit,£1457.58,£8052.55,Debit Card,31/12/2024,Liverpool,£21.27,Failed
T00653,AC91994147,Current,Payment,£3781.94,£8428.7,Credit Card,16/02/2025,Birmingham,£20.03,Failed
T00654,AC27368852,Savings,Deposit,£3382.14,£4431.7,Credit Card,10/02/2025,Leeds,£8.23,Pending
T00655,AC20274815,Student,Deposit,£2469.12,£6125.99,Online Banking,05/01/2025,Leeds,£8.01,Completed
T00656,AC94770413,Savings,Transfer,£4559.29,£6767.51,Credit Card,24/05/2025,Manchester,£16.47,Pending
T00657,AC45780215,Current,Withdrawal,£3050.71,£12111.15,Debit Card,11/09/2025,Leeds,£1.49,Pending
T00658,AC21614668,Student,Payment,£2993.84,£7511.63,Cheque,02/05/2025,Leeds,£14.49,Failed
T00659,AC93046140,Savings,Transfer,£4072.08,£13145.53,Online Banking,28/05/2025,Birmingham,£11.04,Failed
T00660,AC51773837,Savings,Transfer,£2528.29,£12417.35,Cheque,14/09/2025,Liverpool,£0.31,Failed
T00661,AC35632148,Savings,Withdrawal,£378.65,£4500.09,Credit Card,26/01/2025,Liverpool,£17.77,Completed
T00662,AC78171479,Student,Payment,£2190.9,£7070.69,Cheque,23/08/2025,Manchester,£4.19,Completed
T00663,AC45625597,Student,Withdrawal,£4853.61,£13188.02,Credit Card,13/06/2025,Birmingham,£14.07,Pending
T00664,AC28933300,Current,Transfer,£1708.97,£5808.84,Cheque,12/03/2025,Leeds,£0.75,Completed
T00665,AC83360795,Student,Transfer,£4818.0,£5359.92,Debit Card,25/03/2025,Leeds,£4.59,Failed
T00666,AC44360880,Savings,Payment,£4902.14,£14323.44,Cheque,02/01/2025,Manchester,£2.33,Pending
T00667,AC89372293,Current,Transfer,£2700.79,£6906.83,Online Banking,13/09/2025,Leeds,£4.81,Pending
T00668,AC70371100,Savings,Payment,£4127.37,£4631.67,Debit Card,09/05/2025,Liverpool,£0.88,Failed
T00669,AC41842659,Student,Transfer,£448.56,£1657.9,Debit Card,08/01/2025,Leeds,£15.31,Pending
T00670,AC72585371,Business,Withdrawal,£72.82,£5914.29,Debit Card,14/05/2025,Liverpool,£9.29,Pending
T00671,AC46880121,Student,Payment,£469.51,£8526.59,Debit Card,19/02/2025,Leeds,£19.9,Completed
T00672,AC90681199,Current,Withdrawal,£329.39,£8485.24,Cheque,09/04/2025,Manchester,£22.94,Failed
T00673,AC58143455,Business,Payment,£2695.94,£11548.97,Cheque,16/04/2025,London,£17.27,Pending
T00674,AC50758379,Business,Withdrawal,£3121.15,£11067.35,Debit Card,16/12/2024,London,£12.6,Failed
T00675,AC12149365,Business,Payment,£185.73,£1750.84,Debit Card,14/05/2025,London,£4.59,Pending
T00676,AC68957739,Current,Transfer,£3285.38,£9812.22,Online Banking,24/08/2025,Liverpool,£1.1,Pending
T00677,AC87453733,Business,Deposit,£1760.7,£5780.69,Online Banking,26/11/2025,London,£2.65,Failed
T00678,AC43019811,Student,Payment,£4248.28,£13045.28,Credit Card,08/08/2025,Birmingham,£8.42,Failed
T00679,AC37055687,Savings,Deposit,£1446.62,£7790.85,Online Banking,18/01/2025,Birmingham,£16.52,Failed
T00680,AC20960292,Business,Transfer,£3071.62,£3270.32,Debit Card,02/05/2025,Birmingham,£17.65,Pending
T00681,AC56188909,Student,Payment,£4487.73,£8444.54,Cheque,14/08/2025,Birmingham,£23.88,Completed
T00682,AC95249244,Business,Transfer,£1472.35,£6979.19,Debit Card,02/09/2025,Manchester,£21.98,Pending
T00683,AC52870402,Business,Transfer,£833.34,£8164.63,Credit Card,07/07/2025,Manchester,£21.84,Failed
T00684,AC13257077,Savings,Deposit,£758.5,£3911.58,Debit Card,28/12/2024,London,£9.25,Failed
T00685,AC43640386,Savings,Transfer,£4204.48,£7876.24,Debit Card,23/07/2025,Manchester,£8.77,Completed
T00686,AC46380038,Savings,Deposit,£3901.58,£10010.2,Credit Card,08/10/2025,Birmingham,£6.09,Failed
T00687,AC88072831,Current,Withdrawal,£1924.68,£11778.99,Online Banking,07/12/2024,Manchester,£20.78,Pending
T00688,AC16930044,Savings,Payment,£291.06,£9867.54,Cheque,29/08/2025,Manchester,£7.5,Pending
T00689,AC21610246,Current,Deposit,£4775.46,£11120.04,Credit Card,15/04/2025,London,£7.32,Completed
T00690,AC72461210,Current,Transfer,£1172.99,£7320.31,Credit Card,08/02/2025,Leeds,£22.44,Completed
T00691,AC85379020,Business,Deposit,£1967.45,£10825.37,Cheque,07/08/2025,London,£2.26,Completed
T00692,AC65800037,Student,Payment,£2804.61,£10746.69,Online Banking,16/03/2025,London,£8.15,Pending
T00693,AC27237176,Business,Withdrawal,£2781.24,£10026.48,Credit Card,06/09/2025,Liverpool,£15.34,Pending
T00694,AC73336615,Student,Withdrawal,£2154.68,£9838.25,Online Banking,29/08/2025,Liverpool,£9.14,Completed
T00695,AC49104168,Savings,Deposit,£1032.58,£4996.88,Online Banking,03/03/2025,London,£0.41,Completed
T00696,AC37007237,Savings,Withdrawal,£4511.14,£9451.76,Cheque,19/02/2025,Liverpool,£12.11,Pending
T00697,AC82724648,Business,Deposit,£2782.15,£9166.57,Online Banking,26/08/2025,Manchester,£10.42,Failed
T00698,AC28075537,Student,Transfer,£2883.8,£11994.08,Debit Card,06/06/2025,London,£1.04,Completed
T00699,AC95101247,Business,Deposit,£3168.17,£4223.8,Cheque,04/09/2025,Liverpool,£7.23,Failed
T00700,AC67433891,Student,Withdrawal,£3738.27,£6447.61,Online Banking,23/01/2025,Manchester,£6.43,Completed
T00701,AC84314339,Business,Withdrawal,£1277.48,£8928.63,Cheque,12/01/2025,Liverpool,£6.03,Pending
T00702,AC60196306,Business,Transfer,£2375.28,£8813.49,Debit Card,16/09/2025,Leeds,£24.26,Completed
T00703,AC23442698,Student,Withdrawal,£3691.66,£13042.37,Online Banking,12/11/2025,Liverpool,£19.02,Failed
T00704,AC22755384,Current,Payment,£1687.14,£10509.14,Cheque,10/03/2025,London,£18.88,Failed
T00705,AC76031241,Business,Withdrawal,£1771.87,£4148.76,Debit Card,13/05/2025,Liverpool,£18.17,Pending
T00706,AC77648926,Current,Transfer,£3720.03,£11068.71,Cheque,17/08/2025,London,£18.69,Failed
T00707,AC65705025,Student,Withdrawal,£1993.49,£5244.58,Online Banking,13/01/2025,Liverpool,£17.88,Pending
T00708,AC32738549,Student,Withdrawal,£1362.14,£8701.44,Credit Card,14/12/2024,Liverpool,£23.36,Pending
T00709,AC83753599,Savings,Withdrawal,£1850.78,£4826.87,Cheque,23/08/2025,Leeds,£12.62,Pending
T00710,AC82983348,Business,Deposit,£2059.57,£6786.63,Cheque,25/03/2025,Leeds,£22.14,Pending
T00711,AC76456714,Savings,Transfer,£4637.6,£11170.65,Cheque,18/11/2025,London,£0.76,Failed
T00712,AC37636460,Student,Deposit,£1672.31,£2883.21,Cheque,12/09/2025,London,£17.65,Completed
T00713,AC13989516,Business,Transfer,£4332.15,£5793.31,Cheque,11/01/2025,Liverpool,£18.66,Pending
T00714,AC30359308,Savings,Deposit,£1490.05,£8192.26,Credit Card,05/06/2025,Leeds,£13.73,Failed
T00715,AC27300228,Student,Payment,£197.47,£6652.59,Credit Card,01/06/2025,Birmingham,£18.02,Completed
T00716,AC97515844,Savings,Transfer,£253.42,£3850.19,Online Banking,21/10/2025,Manchester,£15.88,Pending
T00717,AC52838803,Business,Withdrawal,£3642.91,£6121.82,Cheque,28/02/2025,Manchester,£19.45,Failed
T00718,AC43966713,Student,Transfer,£597.06,£5846.65,Debit Card,25/05/2025,Birmingham,£1.74,Failed
T00719,AC86747234,Current,Transfer,£4396.31,£5610.89,Online Banking,14/10/2025,Liverpool,£8.64,Pending
T00720,AC90714500,Student,Deposit,£4330.92,£7655.15,Cheque,25/09/2025,Birmingham,£6.98,Completed
T00721,AC41834150,Student,Withdrawal,£782.67,£7028.15,Cheque,16/11/2025,Liverpool,£2.31,Failed
T00722,AC46706725,Business,Transfer,£2236.36,£5922.06,Online Banking,31/01/2025,Birmingham,£21.88,Pending
T00723,AC83574328,Business,Withdrawal,£2630.65,£12329.29,Online Banking,17/08/2025,Birmingham,£11.93,Completed
T00724,AC52355082,Student,Deposit,£1124.29,£3904.72,Online Banking,23/08/2025,Liverpool,£0.29,Failed
T00725,AC54488794,Current,Transfer,£248.02,£8013.03,Online Banking,18/09/2025,Liverpool,£21.94,Pending
T00726,AC65214186,Student,Transfer,£3342.54,£6313.03,Cheque,01/05/2025,Leeds,£23.85,Completed
T00727,AC87117112,Student,Deposit,£1652.18,£3854.35,Credit Card,15/09/2025,Manchester,£15.65,Completed
T00728,AC74081257,Current,Deposit,£26.26,£5067.68,Debit Card,04/01/2025,Liverpool,£16.18,Pending
T00729,AC25220566,Business,Deposit,£3943.56,£4136.44,Online Banking,03/05/2025,Manchester,£4.03,Failed
T00730,AC81941471,Savings,Withdrawal,£4161.91,£7747.67,Debit Card,04/11/2025,Liverpool,£8.24,Completed
T00731,AC54761849,Savings,Transfer,£842.27,£6719.29,Debit Card,04/07/2025,Leeds,£1.98,Completed
T00732,AC16648979,Business,Deposit,£1530.75,£11169.73,Cheque,24/09/2025,London,£15.05,Pending
T00733,AC79083804,Current,Deposit,£3382.26,£11248.13,Cheque,08/09/2025,Leeds,£23.85,Failed
T00734,AC85372997,Current,Payment,£3469.65,£6891.18,Online Banking,11/03/2025,London,£8.75,Failed
T00735,AC28139419,Current,Deposit,£4730.14,£13382.39,Debit Card,21/02/2025,Liverpool,£24.66,Failed
T00736,AC36469364,Savings,Payment,£2657.55,£10275.78,Online Banking,26/07/2025,Birmingham,£3.92,Pending
T00737,AC34323642,Current,Transfer,£4621.86,£11959.69,Credit Card,03/08/2025,Manchester,£24.95,Failed
T00738,AC32276174,Savings,Withdrawal,£440.81,£5666.78,Online Banking,19/05/2025,Birmingham,£11.17,Pending
T00739,AC40646856,Business,Withdrawal,£2842.61,£10681.0,Credit Card,02/12/2025,Manchester,£23.43,Completed
T00740,AC41703515,Business,Payment,£2351.55,£4481.01,Online Banking,11/01/2025,Manchester,£12.39,Pending
T00741,AC93048668,Current,Deposit,£2722.16,£8288.97,Credit Card,09/06/2025,London,£15.17,Pending
T00742,AC41238584,Current,Payment,£4485.59,£7784.28,Credit Card,02/07/2025,Manchester,£12.56,Failed
T00743,AC81425111,Student,Transfer,£162.57,£932.69,Credit Card,12/12/2024,Liverpool,£16.11,Failed
T00744,AC16798727,Savings,Payment,£1465.31,£2849.62,Credit Card,11/03/2025,Manchester,£21.38,Failed
T00745,AC39422274,Current,Deposit,£281.01,£2487.72,Cheque,05/12/2024,Leeds,£13.07,Failed
T00746,AC63553208,Savings,Withdrawal,£3125.01,£3456.41,Debit Card,20/03/2025,Leeds,£15.42,Pending
T00747,AC44113289,Student,Withdrawal,£1687.05,£10040.4,Online Banking,23/09/2025,Liverpool,£13.93,Completed
T00748,AC64497309,Savings,Deposit,£613.28,£3972.6,Debit Card,08/07/2025,Birmingham,£20.63,Pending
T00749,AC82161907,Savings,Payment,£2574.73,£11374.6,Credit Card,12/10/2025,London,£24.74,Pending
T00750,AC64658063,Student,Deposit,£2261.47,£6734.06,Debit Card,26/12/2024,Manchester,£9.08,Pending
T00751,AC98030980,Current,Payment,£1688.62,£5327.02,Credit Card,19/08/2025,Birmingham,£16.15,Pending
T00752,AC13167788,Current,Transfer,£1066.15,£3270.12,Online Banking,14/08/2025,Birmingham,£1.82,Completed
T00753,AC51665177,Business,Deposit,£319.25,£7884.02,Cheque,19/03/2025,Manchester,£23.6,Failed
T00754,AC50913596,Current,Transfer,£2278.42,£6776.28,Cheque,10/07/2025,Liverpool,£22.24,Failed
T00755,AC23334083,Student,Deposit,£3313.49,£8066.92,Credit Card,12/02/2025,Manchester,£2.09,Completed
T00756,AC35923343,Current,Transfer,£3275.96,£5640.35,Debit Card,26/03/2025,Liverpool,£6.2,Completed
T00757,AC51349772,Business,Payment,£4761.39,£9673.4,Online Banking,03/07/2025,Leeds,£12.42,Failed
T00758,AC65761060,Current,Withdrawal,£344.81,£4491.64,Cheque,20/09/2025,Birmingham,£11.58,Completed
T00759,AC10972590,Savings,Deposit,£4537.61,£10825.99,Debit Card,13/06/2025,Liverpool,£24.71,Completed
T00760,AC88486549,Business,Withdrawal,£4337.62,£10511.7,Credit Card,07/06/2025,Leeds,£21.19,Completed
T00761,AC26278680,Student,Withdrawal,£2294.16,£11326.17,Debit Card,14/11/2025,London,£20.79,Pending
T00762,AC75696898,Student,Withdrawal,£4552.58,£12994.44,Cheque,03/09/2025,Manchester,£20.11,Failed
T00763,AC15795295,Business,Deposit,£4089.56,£5578.89,Credit Card,22/07/2025,London,£15.66,Failed
T00764,AC10240934,Business,Transfer,£4025.38,£5704.38,Credit Card,02/03/2025,Birmingham,£1.72,Completed
T00765,AC96112573,Current,Deposit,£1480.69,£9904.49,Cheque,27/03/2025,London,£23.74,Completed
T00766,AC91904333,Business,Transfer,£1558.03,£6198.28,Online Banking,08/01/2025,Leeds,£1.28,Completed
T00767,AC69902151,Business,Payment,£4131.02,£7435.79,Online Banking,17/11/2025,Leeds,£1.37,Failed
T00768,AC57182783,Savings,Payment,£2252.87,£9690.27,Credit Card,13/05/2025,Manchester,£12.56,Pending
T00769,AC46035666,Savings,Withdrawal,£4031.73,£11507.37,Credit Card,06/04/2025,Manchester,£4.18,Failed
T00770,AC83340917,Current,Payment,£2632.75,£5129.33,Credit Card,16/04/2025,London,£11.11,Pending
T00771,AC60917424,Business,Deposit,£1623.41,£2018.49,Credit Card,09/09/2025,Leeds,£4.45,Completed
T00772,AC56936272,Student,Withdrawal,£340.44,£6549.7,Debit Card,21/09/2025,London,£2.44,Failed
T00773,AC78028465,Student,Transfer,£3515.71,£12668.5,Online Banking,10/02/2025,Liverpool,£24.99,Completed
T00774,AC47574736,Business,Payment,£1799.67,£6525.61,Cheque,24/07/2025,London,£13.13,Failed
T00775,AC90762965,Savings,Transfer,£3320.42,£11024.45,Cheque,30/03/2025,Manchester,£1.05,Completed
T00776,AC77666030,Current,Deposit,£2525.84,£9892.71,Online Banking,25/06/2025,London,£0.2,Pending
T00777,AC21319492,Student,Deposit,£3251.35,£12325.22,Cheque,16/07/2025,Leeds,£9.7,Failed
T00778,AC36723370,Savings,Withdrawal,£3219.51,£12121.75,Debit Card,02/04/2025,Liverpool,£4.89,Failed
T00779,AC33767939,Savings,Transfer,£1166.43,£3591.69,Credit Card,31/10/2025,London,£11.15,Pending
T00780,AC25307788,Savings,Deposit,£4071.28,£10340.72,Credit Card,25/01/2025,Manchester,£3.55,Failed
T00781,AC39156145,Student,Transfer,£4135.35,£9631.16,Debit Card,08/01/2025,Liverpool,£6.54,Pending
T00782,AC46729510,Savings,Payment,£4235.86,£7138.89,Debit Card,14/06/2025,Birmingham,£16.84,Failed
T00783,AC86986434,Current,Transfer,£2868.05,£6526.78,Online Banking,04/03/2025,London,£9.0,Failed
T00784,AC53107070,Student,Transfer,£80.36,£4165.32,Credit Card,08/03/2025,Liverpool,£24.99,Failed
T00785,AC84127401,Business,Payment,£928.64,£5483.49,Cheque,17/03/2025,Manchester,£2.69,Pending
T00786,AC58419796,Student,Withdrawal,£2005.55,£3629.37,Credit Card,19/05/2025,Leeds,£22.6,Failed
T00787,AC28914208,Savings,Deposit,£194.52,£5542.85,Cheque,22/12/2024,Liverpool,£24.3,Pending
T00788,AC41168604,Student,Withdrawal,£2562.89,£8061.11,Online Banking,16/09/2025,Manchester,£6.32,Pending
T00789,AC76137778,Current,Transfer,£2150.54,£3321.27,Cheque,15/02/2025,Manchester,£8.32,Failed
T00790,AC99621010,Business,Transfer,£2463.35,£10857.49,Online Banking,09/04/2025,London,£3.85,Completed
T00791,AC85576730,Current,Deposit,£4725.12,£9734.85,Debit Card,30/06/2025,London,£3.3,Completed
T00792,AC38137301,Current,Withdrawal,£4509.73,£8176.21,Online Banking,20/10/2025,Leeds,£19.0,Completed
T00793,AC40110146,Business,Withdrawal,£4790.72,£6732.72,Debit Card,01/02/2025,Leeds,£6.59,Pending
T00794,AC48931380,Student,Payment,£1381.06,£11161.95,Credit Card,21/12/2024,Liverpool,£17.11,Completed
T00795,AC88067841,Savings,Deposit,£3713.64,£13029.66,Credit Card,18/01/2025,Liverpool,£11.36,Pending
T00796,AC22884637,Business,Withdrawal,£2864.91,£10238.5,Online Banking,18/11/2025,Manchester,£24.51,Completed
T00797,AC18650153,Current,Withdrawal,£4363.18,£11224.17,Debit Card,11/01/2025,Leeds,£12.21,Pending
T00798,AC93732946,Business,Withdrawal,£2465.25,£10338.81,Online Banking,29/10/2025,Birmingham,£19.37,Completed
T00799,AC44096263,Business,Withdrawal,£4394.3,£9439.15,Credit Card,19/03/2025,Leeds,£11.7,Pending
T00800,AC23613450,Business,Payment,£104.02,£7139.07,Cheque,21/06/2025,Leeds,£5.21,Pending
T00801,AC47687716,Current,Withdrawal,£1594.61,£6883.43,Debit Card,01/01/2025,London,£21.43,Failed
T00802,AC35366344,Business,Withdrawal,£3199.96,£12088.16,Online Banking,26/11/2025,Manchester,£19.67,Pending
T00803,AC81948332,Current,Deposit,£3834.62,£10896.98,Online Banking,25/01/2025,Liverpool,£4.07,Pending
T00804,AC45894519,Business,Payment,£3409.2,£3813.2,Debit Card,14/05/2025,Birmingham,£6.88,Pending
T00805,AC24561449,Business,Payment,£3581.39,£4179.11,Debit Card,23/11/2025,Birmingham,£23.62,Failed
T00806,AC84767728,Savings,Transfer,£996.42,£6988.14,Credit Card,14/10/2025,London,£16.62,Pending
T00807,AC59064921,Current,Deposit,£1270.9,£6817.66,Online Banking,24/01/2025,Leeds,£18.38,Failed
T00808,AC77645559,Student,Deposit,£4486.06,£5712.63,Online Banking,30/07/2025,London,£0.1,Pending
T00809,AC46158535,Savings,Payment,£2427.12,£5495.32,Online Banking,02/01/2025,London,£5.0,Pending
T00810,AC78758509,Business,Transfer,£1609.99,£7189.06,Debit Card,13/02/2025,London,£17.8,Completed
T00811,AC27584660,Student,Deposit,£209.64,£7619.3,Credit Card,25/01/2025,Birmingham,£6.23,Pending
T00812,AC25517514,Savings,Deposit,£1594.5,£5182.22,Debit Card,06/08/2025,Liverpool,£9.65,Pending
T00813,AC65106390,Business,Deposit,£4971.11,£11363.12,Online Banking,04/01/2025,London,£24.88,Failed
T00814,AC37332952,Savings,Withdrawal,£904.36,£1045.4,Cheque,23/05/2025,Liverpool,£9.94,Pending
T00815,AC13362828,Current,Withdrawal,£3514.27,£8001.75,Cheque,04/10/2025,London,£8.49,Failed
T00816,AC20829911,Current,Transfer,£4600.65,£6763.14,Debit Card,26/09/2025,London,£8.83,Completed
T00817,AC48467238,Current,Deposit,£878.19,£9229.54,Credit Card,16/08/2025,Birmingham,£10.89,Failed
T00818,AC90111085,Savings,Withdrawal,£1511.79,£4943.46,Debit Card,05/08/2025,Manchester,£16.95,Pending
T00819,AC41311965,Current,Withdrawal,£935.3,£5941.94,Online Banking,11/06/2025,London,£22.4,Completed
T00820,AC30633419,Student,Transfer,£554.35,£8524.82,Debit Card,30/12/2024,Leeds,£20.1,Pending
T00821,AC64959271,Savings,Payment,£3282.8,£11378.54,Online Banking,24/03/2025,Leeds,£18.86,Failed
T00822,AC72868562,Savings,Deposit,£3259.67,£6181.49,Cheque,09/06/2025,London,£9.39,Failed
T00823,AC48213248,Student,Payment,£284.31,£5941.86,Credit Card,29/03/2025,Birmingham,£0.46,Completed
T00824,AC80777290,Business,Deposit,£1315.81,£6522.64,Online Banking,25/04/2025,London,£7.56,Completed
T00825,AC57591577,Current,Deposit,£4798.53,£14059.52,Debit Card,31/01/2025,Manchester,£22.82,Pending
T00826,AC11950080,Savings,Withdrawal,£4785.76,£7925.69,Cheque,26/03/2025,Liverpool,£6.27,Failed
T00827,AC66795955,Business,Transfer,£1160.62,£3743.27,Debit Card,29/08/2025,Manchester,£4.82,Completed
T00828,AC78182510,Student,Transfer,£3042.06,£11998.59,Online Banking,21/03/2025,Manchester,£8.66,Pending
T00829,AC66127001,Savings,Payment,£1205.08,£5613.74,Cheque,13/11/2025,Leeds,£9.29,Failed
T00830,AC16897085,Current,Deposit,£4093.58,£9109.5,Credit Card,10/09/2025,London,£4.97,Pending
T00831,AC50816530,Business,Withdrawal,£1351.91,£8526.51,Cheque,22/01/2025,Liverpool,£0.69,Completed
T00832,AC31101532,Savings,Payment,£1421.15,£9634.5,Online Banking,01/12/2025,Liverpool,£0.23,Completed
T00833,AC58030323,Current,Payment,£2088.28,£7967.26,Cheque,22/03/2025,Birmingham,£21.83,Completed
T00834,AC53853884,Current,Deposit,£4378.53,£14302.94,Online Banking,03/06/2025,Leeds,£23.54,Completed
T00835,AC56422385,Business,Payment,£1389.15,£9060.21,Cheque,14/08/2025,Leeds,£12.26,Pending
T00836,AC79212667,Current,Payment,£1932.86,£5417.77,Credit Card,24/08/2025,Liverpool,£0.61,Completed
T00837,AC83360332,Current,Withdrawal,£2091.47,£9228.52,Online Banking,08/02/2025,London,£10.46,Failed
T00838,AC53755831,Savings,Transfer,£346.55,£9908.79,Credit Card,18/09/2025,Birmingham,£18.24,Completed
T00839,AC49910731,Current,Transfer,£4367.38,£11322.3,Cheque,27/08/2025,Manchester,£22.55,Completed
T00840,AC99010153,Savings,Transfer,£357.68,£2315.51,Online Banking,24/05/2025,Liverpool,£12.46,Completed
T00841,AC24197910,Current,Transfer,£4100.22,£13091.74,Credit Card,09/05/2025,Liverpool,£1.98,Failed
T00842,AC82201800,Savings,Deposit,£2627.58,£4235.53,Debit Card,22/06/2025,Manchester,£1.14,Pending
T00843,AC95065320,Current,Payment,£4123.66,£7888.08,Online Banking,18/12/2024,Leeds,£13.83,Failed
T00844,AC92346626,Savings,Withdrawal,£2005.88,£6525.93,Debit Card,22/06/2025,Birmingham,£6.67,Failed
T00845,AC26616572,Current,Deposit,£405.41,£6918.23,Credit Card,20/11/2025,Manchester,£10.54,Completed
T00846,AC32779147,Savings,Transfer,£2611.63,£5498.38,Online Banking,17/01/2025,Leeds,£8.35,Failed
T00847,AC65541314,Current,Transfer,£970.97,£8084.22,Debit Card,09/10/2025,Birmingham,£6.92,Pending
T00848,AC49677525,Student,Payment,£4226.4,£5700.81,Debit Card,09/11/2025,Birmingham,£9.63,Completed
T00849,AC52052682,Student,Payment,£1099.89,£3236.27,Credit Card,09/01/2025,Manchester,£9.3,Pending
T00850,AC38649054,Savings,Transfer,£1012.81,£5072.07,Cheque,19/07/2025,Liverpool,£22.88,Failed
T00851,AC32589514,Business,Withdrawal,£2481.67,£5540.86,Online Banking,28/11/2025,London,£9.35,Pending
T00852,AC12405285,Savings,Withdrawal,£1518.27,£9096.32,Cheque,22/02/2025,Leeds,£14.59,Completed
T00853,AC43704233,Current,Payment,£366.76,£930.02,Cheque,27/05/2025,London,£2.07,Pending
T00854,AC78025545,Student,Transfer,£1547.02,£6094.79,Debit Card,08/03/2025,Leeds,£20.32,Pending
T00855,AC27452295,Savings,Withdrawal,£3865.34,£5130.25,Debit Card,03/02/2025,Leeds,£14.17,Pending
T00856,AC51885173,Student,Deposit,£1577.31,£6827.57,Credit Card,22/12/2024,Leeds,£23.93,Completed
T00857,AC77145599,Current,Payment,£960.79,£10253.65,Online Banking,25/10/2025,Manchester,£10.32,Completed
T00858,AC12299904,Current,Withdrawal,£555.76,£2181.8,Debit Card,16/02/2025,London,£12.88,Completed
T00859,AC51644668,Current,Deposit,£778.43,£1954.09,Cheque,02/05/2025,Liverpool,£15.82,Pending
T00860,AC72340956,Business,Transfer,£1994.39,£11380.57,Online Banking,07/06/2025,Birmingham,£5.07,Pending
T00861,AC36840654,Current,Deposit,£2818.3,£4653.49,Debit Card,09/04/2025,Liverpool,£9.05,Completed
T00862,AC66447300,Business,Transfer,£3137.3,£12642.78,Credit Card,23/12/2024,Birmingham,£16.28,Pending
T00863,AC27985520,Business,Withdrawal,£608.32,£3073.01,Debit Card,14/02/2025,Birmingham,£11.37,Failed
T00864,AC27586603,Savings,Transfer,£2837.51,£5552.77,Credit Card,17/01/2025,Birmingham,£5.84,Pending
T00865,AC36849595,Savings,Payment,£3270.08,£9684.51,Credit Card,27/02/2025,Manchester,£12.61,Pending
T00866,AC43305468,Student,Transfer,£891.13,£9849.37,Credit Card,03/12/2024,Birmingham,£11.6,Failed
T00867,AC98345444,Student,Deposit,£1730.86,£10456.69,Credit Card,03/07/2025,Manchester,£21.22,Completed
T00868,AC70780432,Student,Withdrawal,£1754.77,£4163.33,Debit Card,23/04/2025,Birmingham,£13.07,Failed
T00869,AC84239309,Student,Deposit,£3974.26,£12593.66,Credit Card,17/06/2025,Leeds,£21.33,Pending
T00870,AC12763808,Business,Payment,£3330.73,£10052.23,Debit Card,30/07/2025,Birmingham,£0.29,Pending
T00871,AC31020988,Savings,Payment,£4327.19,£5941.34,Cheque,01/11/2025,London,£13.47,Failed
T00872,AC46902738,Business,Payment,£4567.64,£11613.66,Debit Card,20/03/2025,Leeds,£0.74,Pending
T00873,AC83441400,Student,Deposit,£3654.59,£9885.57,Online Banking,09/08/2025,Manchester,£17.79,Failed
T00874,AC87802122,Savings,Transfer,£2924.16,£7528.31,Credit Card,09/11/2025,Birmingham,£13.34,Pending
T00875,AC93666082,Current,Withdrawal,£3100.74,£8839.0,Cheque,08/02/2025,Leeds,£1.27,Completed
T00876,AC73425683,Current,Deposit,£4934.86,£6762.11,Cheque,02/09/2025,Liverpool,£8.29,Pending
T00877,AC67748708,Business,Withdrawal,£3259.55,£9740.21,Cheque,11/06/2025,Liverpool,£10.5,Completed
T00878,AC71252042,Student,Withdrawal,£3342.64,£7137.95,Credit Card,27/12/2024,London,£24.87,Failed
T00879,AC45606815,Student,Payment,£2762.91,£3864.33,Cheque,21/01/2025,London,£16.63,Failed
T00880,AC81053918,Current,Withdrawal,£2187.08,£9517.38,Online Banking,17/11/2025,Leeds,£7.01,Failed
T00881,AC40672242,Student,Payment,£1290.04,£10471.47,Credit Card,08/12/2024,London,£13.93,Pending
T00882,AC81585172,Student,Withdrawal,£1850.2,£3740.38,Cheque,26/08/2025,Birmingham,£5.69,Pending
T00883,AC50051952,Current,Withdrawal,£4415.53,£13007.78,Online Banking,21/05/2025,London,£19.57,Pending
T00884,AC57445230,Student,Transfer,£496.59,£4113.82,Credit Card,29/07/2025,Birmingham,£24.85,Completed
T00885,AC35936402,Student,Transfer,£3462.71,£6794.21,Credit Card,04/07/2025,Liverpool,£7.59,Failed
T00886,AC84118527,Student,Payment,£1599.66,£10894.92,Cheque,06/08/2025,Leeds,£15.35,Completed
T00887,AC88364364,Current,Deposit,£3430.07,£9124.81,Credit Card,27/10/2025,Liverpool,£14.05,Pending
T00888,AC79964727,Business,Transfer,£2938.11,£4236.13,Credit Card,04/06/2025,London,£15.85,Completed
T00889,AC81470106,Current,Payment,£4749.48,£7845.87,Debit Card,14/10/2025,London,£17.25,Completed
T00890,AC92815572,Student,Deposit,£828.75,£3074.64,Debit Card,02/05/2025,London,£22.76,Failed
T00891,AC52937911,Current,Withdrawal,£973.63,£2237.92,Credit Card,11/07/2025,Leeds,£14.04,Completed
T00892,AC62344433,Savings,Payment,£2367.62,£10063.81,Credit Card,10/04/2025,London,£15.43,Pending
T00893,AC29330507,Current,Withdrawal,£2209.75,£4326.57,Cheque,01/11/2025,Manchester,£6.6,Completed
T00894,AC57318925,Savings,Transfer,£4174.82,£6924.62,Cheque,24/06/2025,Leeds,£11.97,Completed
T00895,AC60772486,Student,Deposit,£3098.0,£12991.04,Credit Card,25/03/2025,London,£16.59,Failed
T00896,AC39259722,Savings,Payment,£981.04,£1848.27,Credit Card,08/12/2024,Birmingham,£24.02,Failed
T00897,AC57803669,Savings,Deposit,£1285.32,£8257.33,Online Banking,02/09/2025,Liverpool,£20.63,Failed
T00898,AC87772158,Current,Transfer,£1957.79,£2945.81,Cheque,15/10/2025,Leeds,£3.42,Failed
T00899,AC63922491,Current,Payment,£2940.07,£11584.29,Credit Card,26/12/2024,Birmingham,£1.25,Failed
T00900,AC51489988,Student,Payment,£3156.36,£7282.91,Debit Card,03/09/2025,Leeds,£21.11,Pending
T00901,AC75031568,Student,Withdrawal,£4556.15,£13141.46,Online Banking,19/09/2025,Manchester,£8.38,Pending
T00902,AC50661011,Current,Withdrawal,£2885.33,£8653.0,Cheque,30/08/2025,Liverpool,£20.51,Completed
T00903,AC59140680,Student,Transfer,£4343.6,£10511.13,Credit Card,05/07/2025,Manchester,£6.56,Completed
T00904,AC84587227,Business,Transfer,£39.47,£9450.05,Cheque,22/03/2025,Manchester,£17.02,Completed
T00905,AC89214107,Student,Transfer,£1531.12,£9835.47,Credit Card,10/10/2025,Liverpool,£13.63,Pending
T00906,AC94505519,Student,Deposit,£751.51,£9042.77,Online Banking,30/10/2025,Birmingham,£23.49,Failed
T00907,AC14850669,Student,Deposit,£4597.31,£5384.01,Credit Card,22/08/2025,London,£7.09,Pending
T00908,AC50938457,Current,Deposit,£1860.34,£6586.45,Cheque,19/05/2025,Birmingham,£0.04,Failed
T00909,AC80576095,Savings,Transfer,£3908.87,£5741.03,Online Banking,16/12/2024,Manchester,£22.9,Failed
T00910,AC40365677,Student,Withdrawal,£3082.8,£7371.66,Credit Card,18/05/2025,Manchester,£9.35,Completed
T00911,AC65875396,Business,Transfer,£759.01,£10166.61,Credit Card,17/01/2025,Manchester,£16.69,Completed
T00912,AC13583123,Savings,Deposit,£4326.83,£14313.3,Credit Card,07/08/2025,Liverpool,£4.13,Failed
T00913,AC88155419,Current,Payment,£3132.55,£12003.5,Online Banking,16/12/2024,Liverpool,£9.38,Failed
T00914,AC29748626,Business,Payment,£825.51,£4268.53,Cheque,26/06/2025,Liverpool,£19.57,Failed
T00915,AC95026332,Business,Withdrawal,£4455.78,£8007.71,Cheque,06/02/2025,Manchester,£13.26,Completed
T00916,AC63883647,Savings,Transfer,£4053.06,£12294.85,Debit Card,16/03/2025,Liverpool,£0.82,Completed
T00917,AC55747220,Savings,Transfer,£3067.46,£9525.46,Online Banking,06/04/2025,Manchester,£8.96,Pending
T00918,AC34511821,Student,Withdrawal,£273.71,£8209.9,Cheque,18/10/2025,Birmingham,£19.44,Failed
T00919,AC82585537,Business,Transfer,£4940.72,£6866.46,Cheque,24/03/2025,Leeds,£21.3,Failed
T00920,AC82066416,Student,Payment,£562.3,£8130.71,Cheque,09/08/2025,Birmingham,£5.12,Pending
T00921,AC28729751,Savings,Payment,£4178.44,£13062.83,Online Banking,20/05/2025,Manchester,£13.75,Failed
T00922,AC46848286,Business,Transfer,£771.05,£10545.43,Cheque,30/12/2024,Birmingham,£19.3,Completed
T00923,AC30789258,Business,Withdrawal,£4252.77,£10319.0,Debit Card,28/04/2025,London,£18.01,Pending
T00924,AC91019308,Business,Transfer,£731.83,£6450.49,Online Banking,08/11/2025,London,£20.48,Pending
T00925,AC90203151,Current,Transfer,£50.39,£4795.67,Credit Card,07/05/2025,Liverpool,£3.93,Pending
T00926,AC77113176,Savings,Payment,£1295.48,£8738.17,Cheque,28/04/2025,Manchester,£11.84,Pending
T00927,AC72992152,Current,Deposit,£455.63,£8108.02,Debit Card,04/07/2025,Birmingham,£4.94,Pending
T00928,AC87341340,Student,Payment,£4132.9,£10915.24,Online Banking,21/10/2025,Leeds,£19.9,Completed
T00929,AC79109833,Business,Transfer,£3982.36,£13106.91,Online Banking,11/02/2025,Manchester,£14.7,Pending
T00930,AC34905460,Savings,Withdrawal,£15.77,£7205.07,Online Banking,09/10/2025,Leeds,£10.2,Completed
T00931,AC96336124,Student,Transfer,£1583.26,£9193.26,Cheque,08/01/2025,Birmingham,£0.72,Pending
T00932,AC42333172,Student,Payment,£1709.74,£2724.23,Credit Card,10/03/2025,Liverpool,£23.35,Failed
T00933,AC85869488,Student,Payment,£2251.07,£7319.48,Credit Card,12/06/2025,Birmingham,£2.82,Pending
T00934,AC99075122,Current,Payment,£2866.33,£11303.66,Credit Card,06/06/2025,Birmingham,£22.16,Completed
T00935,AC79451584,Savings,Withdrawal,£1451.6,£10021.34,Cheque,06/12/2024,Liverpool,£0.35,Completed
T00936,AC26638692,Current,Deposit,£4651.2,£7662.53,Credit Card,18/04/2025,Leeds,£22.15,Completed
T00937,AC62758117,Current,Withdrawal,£2655.41,£12270.35,Online Banking,06/01/2025,Birmingham,£16.66,Completed
T00938,AC10807262,Business,Withdrawal,£2682.52,£6652.32,Cheque,05/01/2025,Birmingham,£24.41,Failed
T00939,AC38507215,Student,Deposit,£2482.19,£2697.97,Online Banking,01/04/2025,London,£2.15,Pending
T00940,AC51044593,Savings,Payment,£3493.03,£11612.4,Online Banking,16/10/2025,London,£19.02,Completed
T00941,AC87485719,Current,Deposit,£1515.13,£4077.71,Debit Card,07/10/2025,Leeds,£5.71,Completed
T00942,AC21869656,Student,Deposit,£4648.13,£6333.5,Debit Card,08/07/2025,Liverpool,£15.65,Completed
T00943,AC75654125,Current,Deposit,£2571.61,£10648.55,Debit Card,30/10/2025,Liverpool,£7.38,Failed
T00944,AC41176872,Current,Deposit,£541.64,£8490.12,Debit Card,14/08/2025,London,£9.31,Completed
T00945,AC19966522,Student,Transfer,£1342.68,£5604.79,Debit Card,15/07/2025,Leeds,£2.42,Failed
T00946,AC95748259,Student,Withdrawal,£4944.53,£10269.5,Credit Card,08/09/2025,Manchester,£17.29,Completed
T00947,AC29984642,Savings,Deposit,£374.64,£3395.52,Online Banking,06/03/2025,Manchester,£16.29,Completed
T00948,AC10350520,Student,Payment,£4384.54,£11164.58,Online Banking,06/11/2025,Manchester,£5.42,Completed
T00949,AC15293306,Student,Transfer,£3186.09,£11211.42,Debit Card,14/09/2025,Liverpool,£12.97,Failed
T00950,AC23650573,Current,Deposit,£1836.46,£5490.88,Debit Card,01/12/2025,Leeds,£19.92,Pending
T00951,AC22504681,Student,Deposit,£1210.01,£2232.49,Debit Card,10/01/2025,Leeds,£18.21,Pending
T00952,AC27659343,Business,Transfer,£2479.64,£5645.38,Debit Card,23/12/2024,London,£15.94,Pending
T00953,AC22399545,Current,Deposit,£4261.41,£5457.29,Debit Card,20/06/2025,Manchester,£18.13,Completed
T00954,AC37647356,Business,Deposit,£2711.98,£3947.69,Credit Card,30/10/2025,Liverpool,£4.3,Pending
T00955,AC69771306,Current,Payment,£1267.63,£9895.59,Online Banking,15/07/2025,Birmingham,£13.59,Completed
T00956,AC34809559,Student,Deposit,£4493.52,£7887.41,Online Banking,03/03/2025,Birmingham,£14.46,Failed
T00957,AC26039368,Business,Deposit,£854.07,£10651.83,Online Banking,14/05/2025,London,£7.61,Failed
T00958,AC50111829,Current,Withdrawal,£3485.23,£7579.87,Debit Card,30/03/2025,London,£5.64,Completed
T00959,AC30008680,Current,Deposit,£2859.31,£3110.3,Debit Card,02/04/2025,Manchester,£12.57,Completed
T00960,AC79247533,Business,Withdrawal,£2530.35,£10210.53,Credit Card,07/02/2025,Liverpool,£14.24,Pending
T00961,AC35399089,Business,Payment,£964.25,£2168.25,Cheque,18/06/2025,Manchester,£3.4,Failed
T00962,AC27659969,Student,Deposit,£2212.81,£5462.53,Debit Card,11/03/2025,Manchester,£16.75,Pending
T00963,AC84337612,Student,Payment,£1716.8,£4843.93,Credit Card,16/02/2025,Birmingham,£10.16,Failed
T00964,AC11740722,Savings,Deposit,£3147.06,£8430.12,Online Banking,10/01/2025,London,£23.32,Pending
T00965,AC15088158,Business,Transfer,£2646.42,£6580.5,Online Banking,16/11/2025,Manchester,£17.46,Failed
T00966,AC92986454,Savings,Withdrawal,£4474.97,£8283.63,Cheque,12/06/2025,Manchester,£10.83,Completed
T00967,AC76326925,Student,Transfer,£992.05,£5381.44,Credit Card,06/06/2025,Manchester,£16.24,Failed
T00968,AC84776516,Savings,Withdrawal,£2605.41,£6210.65,Cheque,12/08/2025,Liverpool,£10.88,Failed
T00969,AC24449388,Savings,Withdrawal,£3096.35,£5982.13,Cheque,30/10/2025,Birmingham,£14.51,Pending
T00970,AC42745539,Student,Deposit,£2039.22,£5587.26,Online Banking,13/11/2025,London,£5.18,Pending
T00971,AC95017059,Savings,Withdrawal,£4817.42,£12577.1,Cheque,19/03/2025,Liverpool,£1.45,Failed
T00972,AC15695302,Business,Deposit,£3817.98,£6878.93,Debit Card,19/08/2025,Birmingham,£3.87,Failed
T00973,AC68819738,Current,Deposit,£1337.03,£3569.04,Credit Card,01/07/2025,Liverpool,£19.22,Pending
T00974,AC34631256,Student,Transfer,£3556.66,£13468.85,Credit Card,11/09/2025,Liverpool,£3.01,Completed
T00975,AC42175246,Business,Deposit,£95.21,£2657.77,Debit Card,29/04/2025,Liverpool,£0.62,Completed
T00976,AC31563508,Savings,Deposit,£1753.85,£2481.22,Online Banking,29/11/2025,Manchester,£10.7,Pending
T00977,AC75465379,Student,Withdrawal,£3564.52,£8092.5,Cheque,01/01/2025,Manchester,£3.85,Failed
T00978,AC47555570,Savings,Transfer,£4802.1,£6330.63,Debit Card,12/10/2025,Manchester,£0.05,Pending
T00979,AC96699878,Savings,Transfer,£2431.23,£6100.23,Debit Card,05/08/2025,Birmingham,£4.18,Pending
T00980,AC41493698,Current,Transfer,£1870.46,£10183.71,Debit Card,04/07/2025,Birmingham,£20.17,Pending
T00981,AC28189532,Current,Payment,£3479.78,£7183.86,Debit Card,20/01/2025,Manchester,£10.59,Pending
T00982,AC82032284,Business,Withdrawal,£1683.08,£2925.39,Credit Card,24/03/2025,Manchester,£20.3,Completed
T00983,AC17071747,Student,Payment,£4470.59,£5273.92,Credit Card,01/07/2025,Liverpool,£5.91,Pending
T00984,AC55027581,Student,Deposit,£4791.03,£5001.77,Cheque,14/01/2025,Birmingham,£21.87,Pending
T00985,AC86144804,Savings,Withdrawal,£4908.42,£12360.9,Cheque,01/10/2025,Liverpool,£1.48,Failed
T00986,AC16253670,Business,Transfer,£2488.11,£5309.81,Debit Card,08/05/2025,London,£24.37,Pending
T00987,AC22207763,Business,Withdrawal,£2405.21,£9431.54,Debit Card,08/08/2025,Leeds,£13.72,Failed
T00988,AC96819638,Current,Payment,£4826.03,£5867.98,Credit Card,28/08/2025,London,£12.16,Failed
T00989,AC59904587,Business,Withdrawal,£4481.75,£9144.47,Cheque,24/05/2025,Birmingham,£6.82,Failed
T00990,AC81112708,Current,Withdrawal,£4248.09,£13944.28,Credit Card,13/11/2025,Liverpool,£18.75,Failed
T00991,AC32608556,Savings,Deposit,£1337.47,£4539.99,Debit Card,09/05/2025,Liverpool,£7.81,Failed
T00992,AC11911695,Savings,Payment,£4210.84,£7483.95,Online Banking,13/08/2025,London,£10.36,Pending
T00993,AC77129178,Student,Withdrawal,£3559.04,£13027.78,Credit Card,20/04/2025,Leeds,£8.68,Pending
T00994,AC86457046,Business,Transfer,£2879.92,£12365.96,Debit Card,21/02/2025,Birmingham,£3.55,Failed
T00995,AC26988561,Current,Payment,£1284.82,£1929.28,Cheque,23/12/2024,Birmingham,£18.8,Failed
T00996,AC61838775,Student,Withdrawal,£4700.89,£10644.17,Debit Card,29/07/2025,Leeds,£14.95,Failed
T00997,AC78415158,Student,Transfer,£1055.14,£7010.66,Cheque,19/12/2024,Leeds,£10.59,Completed
T00998,AC12063359,Current,Withdrawal,£4715.25,£5827.54,Credit Card,15/04/2025,Liverpool,£6.31,Failed
T00999,AC84784943,Student,Deposit,£997.04,£7550.77,Cheque,28/06/2025,Leeds,£3.31,Failed
T01000,AC43209996,Business,Deposit,£3134.6,£3482.75,Debit Card,04/04/2025,Birmingham,£16.04,Failed
