Product_ID,Product_Name,Category,Price (Â£),Discount,Stock,Supplier,Date_Added,Sales,Location
P00001,Inventore,Frozen,17.27,0.2,304,Tesco,2025-05-23,265,Manchester
P00002,Recusandae,Dairy,37.21,0.0,266,Aldi,2025-04-14,492,Liverpool
P00003,Laboriosam,Frozen,1.58,0.22,331,Tesco,2024-06-11,705,Liverpool
P00004,Esse,Beverages,30.73,0.14,400,Waitrose,2025-10-28,373,Leeds
P00005,Voluptas,Produce,49.31,0.14,399,Waitrose,2024-11-10,227,Manchester
P00006,Explicabo,Bakery,6.6,0.15,272,Tesco,2025-09-28,113,Manchester
P00007,Fugiat,Frozen,3.69,0.2,12,Waitrose,2025-09-27,998,Birmingham
P00008,Assumenda,Bakery,7.35,0.25,401,Lidl,2024-09-17,45,Leeds
P00009,Praesentium,Beverages,21.96,0.16,339,Waitrose,2025-07-29,328,Leeds
P00010,Debitis,Bakery,40.54,0.12,461,Aldi,2024-03-12,953,Leeds
P00011,Ea,Beverages,17.06,0.22,417,Lidl,2024-09-30,269,Leeds
P00012,Facere,Produce,7.73,0.21,460,Lidl,2024-05-08,420,Liverpool
P00013,Adipisci,Dairy,3.93,0.28,470,Waitrose,2025-02-04,649,London
P00014,Sunt,Beverages,1.4,0.02,146,Aldi,2024-06-12,186,Birmingham
P00015,Quo,Snacks,22.74,0.01,289,Lidl,2025-07-01,732,Birmingham
P00016,Sequi,Snacks,9.14,0.07,82,Lidl,2024-11-15,332,Leeds
P00017,Tempora,Bakery,11.18,0.29,238,Tesco,2025-07-30,613,Liverpool
P00018,Eveniet,Frozen,30.11,0.28,395,Lidl,2024-05-09,388,Leeds
P00019,Totam,Beverages,45.99,0.16,411,Sainsbury,2023-12-13,373,London
P00020,Ratione,Frozen,7.8,0.21,335,Sainsbury,2024-12-25,534,Leeds
P00021,A,Beverages,31.24,0.26,309,Lidl,2024-04-03,694,Manchester
P00022,Maiores,Bakery,8.28,0.05,305,Tesco,2025-10-30,299,London
P00023,Tempore,Snacks,10.62,0.15,1,Tesco,2025-03-02,752,Manchester
P00024,Consequatur,Frozen,38.13,0.23,491,Sainsbury,2025-06-04,616,Manchester
P00025,Accusantium,Snacks,21.15,0.19,489,Tesco,2024-09-01,310,Birmingham
P00026,Accusantium,Produce,10.34,0.22,108,Tesco,2023-12-13,620,Liverpool
P00027,Odit,Produce,46.15,0.09,262,Tesco,2024-11-30,575,London
P00028,Eligendi,Snacks,42.66,0.05,373,Aldi,2025-07-04,813,London
P00029,Voluptatibus,Frozen,23.9,0.18,377,Sainsbury,2025-11-30,971,London
P00030,Repellat,Produce,26.76,0.25,258,Lidl,2024-06-26,576,Birmingham
P00031,Facere,Snacks,7.85,0.21,93,Aldi,2025-02-20,593,London
P00032,Provident,Dairy,20.04,0.01,304,Aldi,2025-07-17,408,Liverpool
P00033,Ab,Snacks,18.75,0.12,308,Aldi,2025-07-28,9,London
P00034,Quibusdam,Dairy,3.52,0.1,426,Sainsbury,2025-10-27,406,London
P00035,Repellendus,Bakery,44.85,0.04,237,Aldi,2025-04-28,732,London
P00036,Perferendis,Frozen,24.0,0.22,379,Sainsbury,2024-05-09,430,Liverpool
P00037,Autem,Beverages,11.34,0.05,136,Tesco,2024-12-11,72,Leeds
P00038,Exercitationem,Dairy,1.93,0.28,51,Aldi,2025-04-07,460,Birmingham
P00039,Perferendis,Frozen,47.12,0.19,495,Lidl,2024-06-16,87,Manchester
P00040,Ut,Produce,19.07,0.01,381,Aldi,2024-04-19,638,Liverpool
P00041,Quo,Dairy,7.64,0.27,207,Tesco,2024-12-25,363,Birmingham
P00042,Dolores,Beverages,19.26,0.25,444,Tesco,2025-02-03,692,Liverpool
P00043,Reiciendis,Dairy,25.26,0.09,345,Lidl,2024-12-19,712,Manchester
P00044,Harum,Beverages,34.12,0.29,169,Tesco,2024-04-01,432,London
P00045,Autem,Beverages,0.8,0.07,175,Sainsbury,2024-12-15,425,Liverpool
P00046,Quo,Beverages,46.51,0.06,149,Tesco,2023-12-28,862,London
P00047,Modi,Bakery,31.29,0.1,300,Lidl,2024-07-07,806,Liverpool
P00048,Perferendis,Bakery,14.75,0.2,10,Aldi,2025-10-04,210,Liverpool
P00049,Rem,Produce,8.39,0.07,464,Sainsbury,2024-06-09,497,Birmingham
P00050,Ducimus,Bakery,17.63,0.21,147,Waitrose,2024-06-06,695,London
P00051,Fuga,Produce,21.5,0.0,138,Tesco,2024-05-30,719,Birmingham
P00052,Occaecati,Bakery,2.86,0.1,478,Waitrose,2024-08-26,166,Liverpool
P00053,Animi,Snacks,12.11,0.05,447,Waitrose,2024-03-19,272,Birmingham
P00054,Officia,Snacks,18.75,0.1,193,Waitrose,2025-08-03,362,Manchester
P00055,At,Frozen,46.73,0.04,85,Lidl,2025-03-19,428,Birmingham
P00056,Ducimus,Snacks,11.67,0.08,256,Tesco,2024-03-26,567,Liverpool
P00057,Debitis,Frozen,25.24,0.03,366,Tesco,2024-12-07,99,Birmingham
P00058,Repellendus,Produce,5.77,0.16,123,Lidl,2025-02-26,922,Liverpool
P00059,Quod,Snacks,15.75,0.3,218,Tesco,2024-08-05,90,Manchester
P00060,Placeat,Snacks,23.27,0.19,56,Sainsbury,2024-04-15,775,London
P00061,Repellat,Dairy,23.85,0.2,60,Lidl,2024-12-10,642,Manchester
P00062,Quae,Snacks,6.26,0.24,444,Tesco,2023-12-29,549,Leeds
P00063,Fuga,Beverages,45.64,0.17,173,Waitrose,2025-01-08,692,Leeds
P00064,Deserunt,Bakery,19.71,0.22,82,Sainsbury,2024-05-30,54,Liverpool
P00065,Repellat,Dairy,26.97,0.09,248,Waitrose,2025-11-29,847,Manchester
P00066,Quisquam,Produce,28.12,0.2,141,Waitrose,2025-07-20,333,Manchester
P00067,Nostrum,Dairy,16.59,0.2,155,Sainsbury,2024-07-26,763,Liverpool
P00068,Excepturi,Produce,41.41,0.1,354,Aldi,2024-09-07,374,Birmingham
P00069,Assumenda,Frozen,30.44,0.09,473,Waitrose,2024-10-12,195,Birmingham
P00070,Odio,Produce,31.17,0.25,367,Aldi,2024-01-28,806,London
P00071,Quam,Snacks,41.86,0.05,9,Lidl,2025-01-10,327,Leeds
P00072,Error,Dairy,45.1,0.18,185,Sainsbury,2024-07-07,786,London
P00073,Vitae,Produce,19.03,0.05,351,Lidl,2023-12-23,324,Liverpool
P00074,Recusandae,Produce,31.74,0.01,371,Sainsbury,2024-07-07,759,Manchester
P00075,Impedit,Produce,31.78,0.29,423,Tesco,2025-11-21,54,London
P00076,Facere,Frozen,1.76,0.27,222,Waitrose,2024-04-27,955,London
P00077,Natus,Snacks,49.97,0.2,267,Lidl,2025-08-18,362,Manchester
P00078,Rem,Bakery,9.77,0.07,147,Sainsbury,2024-07-03,497,London
P00079,Repellendus,Beverages,26.9,0.16,322,Waitrose,2025-11-05,602,Birmingham
P00080,Deleniti,Bakery,9.51,0.28,34,Aldi,2025-02-19,394,Manchester
P00081,Illo,Snacks,29.8,0.12,496,Lidl,2025-07-16,92,Manchester
P00082,Corporis,Frozen,8.09,0.26,44,Aldi,2024-05-17,771,Liverpool
P00083,Excepturi,Bakery,40.11,0.27,117,Sainsbury,2025-06-01,159,Leeds
P00084,Asperiores,Frozen,12.98,0.09,311,Lidl,2024-11-13,511,Liverpool
P00085,Repudiandae,Bakery,48.0,0.23,259,Tesco,2025-05-02,995,Leeds
P00086,Ad,Frozen,7.88,0.1,323,Lidl,2024-11-30,125,Manchester
P00087,Illo,Produce,21.82,0.15,442,Tesco,2025-06-18,395,Liverpool
P00088,Quam,Bakery,48.74,0.14,193,Lidl,2024-09-12,765,Manchester
P00089,Sed,Produce,42.0,0.18,383,Waitrose,2024-04-21,94,Birmingham
P00090,Deleniti,Bakery,9.31,0.28,59,Tesco,2023-12-09,786,London
P00091,Quos,Bakery,3.67,0.13,432,Lidl,2025-02-19,607,Birmingham
P00092,Quidem,Produce,24.76,0.2,284,Aldi,2025-06-21,260,Leeds
P00093,Cumque,Dairy,6.3,0.29,50,Tesco,2024-06-26,903,Manchester
P00094,Officiis,Bakery,21.69,0.15,465,Aldi,2023-12-27,642,Manchester
P00095,Possimus,Snacks,48.46,0.26,470,Aldi,2024-12-18,167,Liverpool
P00096,Voluptatum,Beverages,9.21,0.12,200,Aldi,2025-01-14,816,London
P00097,Hic,Dairy,13.48,0.27,365,Sainsbury,2025-08-15,157,London
P00098,Tempore,Bakery,23.43,0.12,479,Lidl,2024-05-27,356,London
P00099,Accusamus,Produce,24.34,0.02,8,Sainsbury,2024-03-01,187,London
P00100,Amet,Bakery,23.02,0.17,131,Waitrose,2025-05-11,708,Leeds
P00101,Maxime,Frozen,30.65,0.14,450,Aldi,2025-03-03,739,Liverpool
P00102,Inventore,Produce,48.1,0.13,70,Lidl,2024-10-26,230,Leeds
P00103,Porro,Bakery,19.23,0.28,338,Aldi,2025-11-28,160,Manchester
P00104,Esse,Beverages,32.15,0.05,176,Waitrose,2025-06-06,359,Liverpool
P00105,Est,Bakery,1.27,0.23,210,Aldi,2024-04-25,658,Leeds
P00106,Explicabo,Dairy,12.62,0.05,318,Waitrose,2025-08-01,136,Birmingham
P00107,Adipisci,Produce,39.08,0.0,210,Lidl,2025-11-09,484,Liverpool
P00108,Necessitatibus,Frozen,34.37,0.17,48,Sainsbury,2025-10-16,764,Liverpool
P00109,Veritatis,Bakery,13.59,0.01,107,Waitrose,2024-09-13,52,Birmingham
P00110,Quae,Bakery,35.6,0.21,273,Sainsbury,2024-03-16,24,London
P00111,Asperiores,Bakery,20.93,0.04,327,Waitrose,2024-03-05,731,Manchester
P00112,Est,Beverages,37.69,0.25,426,Lidl,2025-01-09,779,Liverpool
P00113,Praesentium,Produce,48.25,0.28,196,Sainsbury,2024-02-06,592,London
P00114,Autem,Produce,21.95,0.08,41,Waitrose,2024-01-04,866,London
P00115,Quis,Dairy,9.18,0.1,391,Lidl,2024-08-10,61,Birmingham
P00116,Qui,Dairy,33.75,0.18,461,Sainsbury,2024-08-30,844,Birmingham
P00117,Repudiandae,Frozen,6.75,0.14,114,Tesco,2025-08-22,41,Manchester
P00118,Perspiciatis,Produce,36.1,0.25,264,Sainsbury,2024-01-15,981,Liverpool
P00119,Dicta,Dairy,38.81,0.08,381,Lidl,2024-07-02,266,Birmingham
P00120,Vitae,Bakery,23.58,0.13,430,Sainsbury,2025-11-26,804,Leeds
P00121,Aut,Snacks,47.39,0.08,56,Tesco,2025-02-25,805,Manchester
P00122,Neque,Frozen,14.29,0.24,1,Tesco,2024-10-01,603,London
P00123,Vitae,Snacks,35.22,0.24,351,Lidl,2025-10-21,962,Leeds
P00124,Officia,Produce,47.5,0.09,63,Tesco,2025-01-11,359,Birmingham
P00125,Incidunt,Frozen,31.6,0.18,237,Tesco,2024-08-05,813,Birmingham
P00126,Corrupti,Beverages,29.88,0.08,70,Tesco,2023-12-20,73,London
P00127,Inventore,Bakery,49.35,0.22,148,Waitrose,2025-06-02,316,Liverpool
P00128,Id,Bakery,16.67,0.14,331,Tesco,2025-06-27,834,Leeds
P00129,Voluptatem,Produce,28.81,0.21,284,Waitrose,2024-05-24,743,Manchester
P00130,Aperiam,Beverages,28.12,0.11,1,Sainsbury,2025-01-03,87,Manchester
P00131,Voluptatum,Beverages,23.56,0.02,305,Aldi,2024-01-28,362,Leeds
P00132,Ab,Dairy,31.5,0.05,59,Lidl,2024-10-30,543,Birmingham
P00133,Amet,Bakery,2.26,0.25,275,Sainsbury,2024-07-27,555,London
P00134,Asperiores,Bakery,45.69,0.13,50,Waitrose,2025-09-26,864,London
P00135,Ipsum,Dairy,36.77,0.29,190,Tesco,2024-06-28,740,Leeds
P00136,Tenetur,Dairy,32.16,0.12,25,Aldi,2024-07-15,843,Birmingham
P00137,Repellat,Dairy,36.63,0.24,70,Waitrose,2025-04-17,963,London
P00138,Enim,Snacks,15.98,0.26,422,Lidl,2024-09-26,58,Birmingham
P00139,Aliquid,Frozen,6.78,0.24,15,Tesco,2025-05-15,665,Liverpool
P00140,Omnis,Beverages,18.9,0.27,243,Tesco,2025-05-19,325,London
P00141,Error,Snacks,18.48,0.1,158,Tesco,2025-06-07,979,London
P00142,Illo,Frozen,8.31,0.28,289,Waitrose,2024-07-31,320,Leeds
P00143,Alias,Frozen,34.46,0.03,283,Lidl,2024-09-19,278,London
P00144,Aliquam,Beverages,21.6,0.11,171,Lidl,2025-06-04,463,Liverpool
P00145,Numquam,Bakery,1.18,0.05,18,Sainsbury,2025-01-15,135,Manchester
P00146,Magni,Snacks,35.27,0.13,106,Waitrose,2025-03-11,181,Birmingham
P00147,Laudantium,Dairy,4.03,0.01,466,Waitrose,2023-12-12,745,Birmingham
P00148,Minus,Bakery,10.88,0.19,20,Sainsbury,2024-10-05,822,Manchester
P00149,Corporis,Bakery,43.09,0.27,56,Sainsbury,2024-02-13,194,Birmingham
P00150,Libero,Beverages,49.44,0.16,11,Tesco,2025-04-02,290,Liverpool
P00151,Aspernatur,Snacks,47.64,0.25,230,Aldi,2024-11-18,445,Leeds
P00152,Asperiores,Beverages,23.11,0.23,493,Aldi,2025-10-17,370,Leeds
P00153,Reprehenderit,Produce,10.02,0.13,89,Sainsbury,2025-04-24,533,Birmingham
P00154,Dolores,Snacks,13.81,0.1,435,Waitrose,2025-11-10,543,Manchester
P00155,Et,Dairy,17.69,0.01,397,Lidl,2025-04-10,238,Manchester
P00156,Doloribus,Produce,37.86,0.04,179,Lidl,2025-10-30,278,Liverpool
P00157,Voluptatem,Frozen,3.93,0.12,408,Lidl,2024-04-01,824,Leeds
P00158,Earum,Frozen,6.33,0.26,341,Aldi,2025-08-15,772,London
P00159,Laboriosam,Dairy,39.77,0.11,363,Aldi,2024-02-10,824,London
P00160,Debitis,Dairy,36.12,0.08,210,Sainsbury,2025-07-21,543,Birmingham
P00161,Tempora,Snacks,6.71,0.25,132,Aldi,2025-02-27,653,London
P00162,Dolor,Snacks,37.65,0.24,244,Tesco,2024-10-07,59,Leeds
P00163,Necessitatibus,Beverages,30.2,0.01,61,Sainsbury,2024-10-20,154,Manchester
P00164,Aspernatur,Dairy,23.94,0.26,472,Sainsbury,2024-07-08,668,Leeds
P00165,Id,Frozen,1.71,0.27,89,Tesco,2024-06-09,155,Birmingham
P00166,Natus,Frozen,29.57,0.05,21,Waitrose,2025-06-26,3,London
P00167,Eos,Beverages,31.86,0.1,56,Tesco,2025-01-01,528,Birmingham
P00168,Corrupti,Snacks,44.8,0.1,430,Sainsbury,2025-04-11,730,Manchester
P00169,Libero,Frozen,18.91,0.01,79,Sainsbury,2024-09-17,757,Leeds
P00170,Dolorem,Snacks,10.95,0.17,72,Aldi,2024-10-14,562,Leeds
P00171,Sed,Snacks,44.88,0.28,470,Lidl,2025-09-01,206,Leeds
P00172,Voluptas,Frozen,36.13,0.08,430,Waitrose,2025-02-15,32,London
P00173,Quae,Dairy,34.88,0.16,59,Aldi,2024-03-25,545,Birmingham
P00174,Quasi,Produce,47.56,0.07,216,Tesco,2024-02-28,354,Manchester
P00175,Autem,Dairy,14.57,0.27,143,Tesco,2025-01-24,497,London
P00176,Nihil,Frozen,35.46,0.22,398,Lidl,2025-02-20,441,Manchester
P00177,Dolor,Bakery,11.42,0.25,413,Aldi,2024-10-26,581,Birmingham
P00178,Consequuntur,Snacks,16.15,0.05,129,Sainsbury,2024-09-12,574,Leeds
P00179,Inventore,Bakery,24.59,0.25,162,Lidl,2024-12-29,225,London
P00180,Molestiae,Produce,20.62,0.2,271,Sainsbury,2024-05-15,989,Birmingham
P00181,Quos,Dairy,34.71,0.28,88,Tesco,2024-07-27,889,Birmingham
P00182,Voluptas,Beverages,7.0,0.07,335,Aldi,2025-01-25,535,Manchester
P00183,Quod,Snacks,17.14,0.16,392,Tesco,2025-03-21,708,Birmingham
P00184,Corporis,Snacks,27.27,0.28,70,Waitrose,2024-10-11,985,Leeds
P00185,Eaque,Snacks,35.61,0.01,430,Waitrose,2025-01-06,684,Manchester
P00186,Tempora,Produce,49.67,0.22,170,Lidl,2024-05-14,852,Birmingham
P00187,Dicta,Beverages,44.15,0.16,122,Sainsbury,2025-03-06,457,London
P00188,Soluta,Dairy,39.28,0.16,288,Tesco,2025-09-14,56,Manchester
P00189,Quisquam,Bakery,17.45,0.15,203,Lidl,2025-01-21,712,Leeds
P00190,Unde,Bakery,44.35,0.16,247,Aldi,2025-03-07,379,Liverpool
P00191,Quibusdam,Dairy,5.56,0.03,393,Aldi,2024-04-08,267,London
P00192,Nemo,Frozen,34.77,0.17,270,Waitrose,2024-10-23,153,London
P00193,Assumenda,Bakery,3.23,0.18,15,Aldi,2025-07-03,133,Manchester
P00194,Alias,Dairy,12.28,0.12,218,Lidl,2024-09-03,433,Manchester
P00195,Blanditiis,Dairy,41.14,0.07,487,Tesco,2024-09-17,36,Manchester
P00196,Quidem,Bakery,45.32,0.08,14,Sainsbury,2024-04-17,321,Leeds
P00197,Quod,Beverages,33.23,0.07,415,Lidl,2025-08-29,698,Birmingham
P00198,Non,Frozen,26.13,0.18,369,Sainsbury,2023-12-22,780,Liverpool
P00199,Temporibus,Frozen,28.43,0.04,93,Waitrose,2025-01-08,236,London
P00200,Eum,Bakery,44.99,0.24,423,Aldi,2024-09-28,299,Manchester
P00201,Possimus,Frozen,47.38,0.24,477,Sainsbury,2025-08-27,273,Manchester
P00202,Excepturi,Snacks,13.88,0.29,291,Aldi,2024-06-17,799,Liverpool
P00203,Eaque,Snacks,25.08,0.19,256,Lidl,2023-12-20,349,Birmingham
P00204,Occaecati,Beverages,31.43,0.08,183,Tesco,2025-02-13,905,Manchester
P00205,Suscipit,Beverages,11.06,0.14,450,Aldi,2025-01-10,426,Manchester
P00206,Temporibus,Produce,45.3,0.21,292,Aldi,2025-03-19,875,Leeds
P00207,Occaecati,Frozen,5.7,0.21,337,Tesco,2024-10-26,261,Liverpool
P00208,Sapiente,Frozen,15.8,0.2,329,Tesco,2025-02-23,699,Liverpool
P00209,Quia,Frozen,46.15,0.17,161,Tesco,2024-12-03,593,Birmingham
P00210,Laudantium,Produce,19.08,0.22,186,Aldi,2024-08-02,892,Leeds
P00211,Occaecati,Snacks,25.67,0.03,161,Tesco,2024-10-14,69,Liverpool
P00212,Recusandae,Snacks,22.63,0.29,490,Aldi,2024-05-29,409,London
P00213,Quam,Beverages,7.98,0.07,129,Sainsbury,2025-10-18,261,London
P00214,Laudantium,Beverages,32.34,0.03,49,Aldi,2024-10-22,270,Birmingham
P00215,Quis,Dairy,16.11,0.27,465,Sainsbury,2024-04-27,10,Leeds
P00216,Odio,Beverages,26.78,0.05,172,Lidl,2025-11-21,875,Birmingham
P00217,Dolorum,Produce,2.59,0.18,179,Aldi,2025-04-09,850,Liverpool
P00218,Perspiciatis,Beverages,20.61,0.25,122,Sainsbury,2024-08-15,224,Leeds
P00219,Neque,Dairy,29.9,0.15,158,Lidl,2024-11-23,206,London
P00220,Aut,Frozen,47.39,0.28,130,Waitrose,2023-12-14,643,Leeds
P00221,Quam,Produce,15.91,0.1,61,Waitrose,2025-03-10,719,Birmingham
P00222,Eius,Beverages,25.96,0.11,58,Sainsbury,2025-01-01,716,Manchester
P00223,Amet,Frozen,39.06,0.08,148,Tesco,2024-11-26,611,Leeds
P00224,Provident,Produce,5.97,0.09,6,Aldi,2024-12-11,678,Birmingham
P00225,Quaerat,Snacks,17.88,0.01,409,Sainsbury,2024-01-11,1000,Leeds
P00226,Sapiente,Beverages,8.66,0.19,484,Lidl,2024-02-29,994,Leeds
P00227,Tenetur,Frozen,20.23,0.17,164,Aldi,2024-09-23,309,Manchester
P00228,Tempore,Snacks,24.34,0.06,220,Sainsbury,2024-01-06,137,Leeds
P00229,Nam,Produce,45.03,0.27,198,Sainsbury,2025-09-16,104,Manchester
P00230,Aliquam,Beverages,11.79,0.03,235,Lidl,2024-10-25,887,London
P00231,Laudantium,Dairy,1.35,0.08,423,Waitrose,2024-09-09,905,Leeds
P00232,Veniam,Snacks,40.82,0.26,65,Waitrose,2024-11-22,523,London
P00233,Recusandae,Produce,43.9,0.1,294,Aldi,2025-08-08,356,Liverpool
P00234,Nulla,Frozen,9.97,0.04,46,Waitrose,2025-04-08,904,Leeds
P00235,Fugit,Snacks,14.12,0.04,425,Tesco,2025-06-26,392,Leeds
P00236,Quas,Frozen,5.07,0.28,52,Aldi,2025-09-04,723,Birmingham
P00237,Exercitationem,Frozen,1.18,0.1,480,Sainsbury,2024-08-21,824,Liverpool
P00238,Reiciendis,Frozen,24.38,0.05,315,Aldi,2025-10-22,447,Birmingham
P00239,Laboriosam,Produce,30.74,0.18,338,Aldi,2025-09-06,26,Liverpool
P00240,Quam,Produce,18.93,0.2,462,Waitrose,2025-11-22,674,Leeds
P00241,Explicabo,Frozen,39.59,0.26,66,Aldi,2024-03-25,513,Manchester
P00242,Tempore,Beverages,18.16,0.14,420,Lidl,2025-07-02,610,Birmingham
P00243,Libero,Frozen,18.57,0.13,184,Lidl,2025-06-10,782,London
P00244,Sequi,Bakery,35.45,0.03,233,Waitrose,2025-10-19,849,Manchester
P00245,Placeat,Produce,42.53,0.25,347,Tesco,2024-04-28,108,Liverpool
P00246,Autem,Dairy,26.73,0.11,283,Waitrose,2025-11-30,103,Manchester
P00247,Aut,Produce,25.76,0.14,208,Aldi,2025-01-11,412,Birmingham
P00248,Eius,Bakery,25.3,0.02,152,Aldi,2025-11-23,756,Manchester
P00249,Tempore,Snacks,5.66,0.26,427,Sainsbury,2025-05-07,738,Leeds
P00250,Ullam,Snacks,42.19,0.28,336,Aldi,2025-05-14,9,Manchester
P00251,Laborum,Dairy,3.66,0.2,177,Aldi,2024-02-05,33,Manchester
P00252,Ratione,Frozen,2.49,0.07,477,Aldi,2025-01-22,802,Leeds
P00253,Maiores,Beverages,16.19,0.05,223,Aldi,2025-04-28,933,Liverpool
P00254,Non,Beverages,4.54,0.22,397,Aldi,2025-03-03,251,Liverpool
P00255,Numquam,Snacks,26.68,0.29,427,Sainsbury,2024-01-27,778,Birmingham
P00256,Optio,Dairy,28.57,0.2,294,Lidl,2025-03-07,966,Leeds
P00257,Voluptatibus,Bakery,9.9,0.1,104,Lidl,2024-01-23,342,Leeds
P00258,Voluptatem,Dairy,37.13,0.17,50,Waitrose,2024-03-05,2,Leeds
P00259,Laudantium,Beverages,32.5,0.09,88,Lidl,2025-01-13,152,Liverpool
P00260,Consequatur,Dairy,16.87,0.02,261,Waitrose,2024-11-07,250,Liverpool
P00261,Voluptatem,Beverages,42.66,0.07,90,Aldi,2025-11-16,257,Leeds
P00262,Accusamus,Produce,10.69,0.16,334,Waitrose,2024-01-28,42,London
P00263,Doloremque,Frozen,35.81,0.06,39,Sainsbury,2025-10-25,390,Birmingham
P00264,Veritatis,Dairy,1.77,0.18,132,Lidl,2024-06-28,241,London
P00265,Quo,Snacks,10.74,0.05,44,Lidl,2025-03-31,669,London
P00266,Sunt,Frozen,12.78,0.12,341,Sainsbury,2024-10-14,967,Manchester
P00267,Suscipit,Bakery,4.47,0.26,420,Tesco,2024-08-12,168,Manchester
P00268,Sed,Snacks,15.84,0.12,267,Tesco,2025-08-10,535,Birmingham
P00269,Sit,Frozen,26.52,0.3,9,Waitrose,2025-07-20,126,Liverpool
P00270,Nihil,Snacks,11.6,0.03,366,Lidl,2025-03-31,893,Leeds
P00271,Velit,Bakery,21.04,0.17,60,Aldi,2025-02-06,15,Manchester
P00272,Deleniti,Snacks,42.98,0.05,393,Waitrose,2024-04-23,6,Leeds
P00273,Commodi,Beverages,18.09,0.09,220,Aldi,2025-05-02,308,Manchester
P00274,Nam,Beverages,19.15,0.21,67,Tesco,2024-12-26,643,London
P00275,Eveniet,Bakery,40.89,0.12,21,Waitrose,2024-08-15,808,Birmingham
P00276,Aliquam,Dairy,16.95,0.19,143,Aldi,2024-08-02,662,Liverpool
P00277,Vero,Dairy,19.51,0.16,163,Aldi,2024-12-26,518,Manchester
P00278,Dolorem,Frozen,25.91,0.1,323,Aldi,2025-10-16,365,Liverpool
P00279,Ullam,Beverages,15.58,0.07,115,Aldi,2024-11-05,983,Birmingham
P00280,Odio,Snacks,43.95,0.24,310,Tesco,2024-01-12,633,Birmingham
P00281,Deleniti,Produce,27.72,0.09,114,Lidl,2024-02-10,397,Leeds
P00282,Assumenda,Snacks,37.92,0.28,476,Aldi,2025-10-24,842,Liverpool
P00283,Commodi,Beverages,38.26,0.24,222,Waitrose,2024-01-06,275,London
P00284,Nesciunt,Produce,18.65,0.25,26,Aldi,2024-09-17,991,Leeds
P00285,Alias,Snacks,42.88,0.15,44,Aldi,2025-10-14,257,Birmingham
P00286,Ipsum,Beverages,6.53,0.28,103,Aldi,2024-07-17,495,Manchester
P00287,Molestias,Dairy,48.18,0.09,160,Tesco,2024-05-26,153,Liverpool
P00288,Maiores,Bakery,28.99,0.28,437,Aldi,2024-03-02,326,Leeds
P00289,Sed,Frozen,42.96,0.01,404,Tesco,2025-01-23,184,London
P00290,Neque,Dairy,4.03,0.14,334,Lidl,2024-11-28,433,London
P00291,Necessitatibus,Frozen,38.48,0.14,471,Tesco,2025-11-01,382,Manchester
P00292,Provident,Produce,24.53,0.26,317,Waitrose,2024-08-25,181,Leeds
P00293,Earum,Bakery,39.69,0.0,287,Tesco,2024-07-25,567,Leeds
P00294,Excepturi,Dairy,38.67,0.12,397,Waitrose,2024-05-05,135,Leeds
P00295,Ducimus,Dairy,44.95,0.29,133,Aldi,2025-02-19,851,Manchester
P00296,Dolorem,Frozen,12.13,0.29,314,Sainsbury,2024-01-31,636,Birmingham
P00297,Eligendi,Snacks,38.19,0.05,355,Tesco,2025-07-31,815,London
P00298,Qui,Beverages,32.77,0.11,325,Waitrose,2024-10-24,244,Leeds
P00299,Vel,Produce,38.76,0.17,262,Lidl,2024-04-12,40,Manchester
P00300,Nulla,Produce,10.04,0.04,154,Lidl,2024-10-31,167,Liverpool
P00301,Harum,Produce,12.08,0.05,495,Aldi,2024-10-28,616,Manchester
P00302,Nobis,Bakery,41.01,0.09,480,Aldi,2024-09-09,224,Manchester
P00303,Fugiat,Dairy,48.12,0.09,398,Tesco,2025-01-30,828,Manchester
P00304,Quam,Beverages,27.46,0.26,325,Lidl,2025-10-30,471,Manchester
P00305,Veniam,Frozen,28.22,0.07,286,Aldi,2025-02-11,43,Birmingham
P00306,Amet,Dairy,47.79,0.28,90,Waitrose,2024-05-01,15,Birmingham
P00307,Aspernatur,Dairy,39.02,0.12,187,Aldi,2025-07-15,607,Liverpool
P00308,Illo,Dairy,3.25,0.17,311,Sainsbury,2024-04-26,453,Manchester
P00309,Dicta,Bakery,8.88,0.27,301,Tesco,2024-07-16,727,Liverpool
P00310,Vitae,Bakery,1.58,0.2,40,Sainsbury,2024-04-05,977,Birmingham
P00311,Fugit,Snacks,3.9,0.1,40,Tesco,2024-08-11,354,Liverpool
P00312,Earum,Frozen,20.55,0.14,195,Tesco,2025-01-15,44,Liverpool
P00313,Temporibus,Frozen,11.22,0.08,211,Tesco,2025-07-17,67,Liverpool
P00314,Aspernatur,Beverages,24.73,0.16,233,Waitrose,2025-04-27,359,Manchester
P00315,Quisquam,Beverages,24.33,0.2,284,Tesco,2025-06-19,653,Liverpool
P00316,In,Bakery,42.79,0.13,253,Tesco,2025-11-09,956,Birmingham
P00317,Reiciendis,Produce,2.86,0.04,188,Sainsbury,2024-07-14,421,Birmingham
P00318,Repellat,Produce,18.15,0.07,498,Sainsbury,2024-04-01,877,London
P00319,Placeat,Bakery,16.07,0.21,477,Aldi,2025-09-10,46,London
P00320,Nisi,Beverages,48.53,0.3,71,Lidl,2023-12-19,611,Birmingham
P00321,Pariatur,Beverages,4.03,0.26,367,Aldi,2025-10-30,604,Leeds
P00322,Facilis,Dairy,23.2,0.18,478,Sainsbury,2024-07-06,98,Manchester
P00323,Rerum,Bakery,3.43,0.3,235,Sainsbury,2024-12-12,51,Leeds
P00324,Provident,Frozen,34.29,0.17,443,Tesco,2024-12-05,340,Manchester
P00325,Harum,Snacks,32.58,0.0,331,Aldi,2024-11-06,543,Birmingham
P00326,Officia,Dairy,46.54,0.26,97,Tesco,2024-11-10,272,London
P00327,Beatae,Dairy,47.63,0.16,468,Aldi,2024-05-01,529,Birmingham
P00328,Temporibus,Bakery,45.95,0.06,185,Tesco,2024-07-31,645,Birmingham
P00329,Provident,Beverages,26.53,0.25,138,Lidl,2025-08-06,457,London
P00330,Occaecati,Snacks,37.69,0.05,246,Waitrose,2024-11-17,354,Leeds
P00331,Debitis,Frozen,46.5,0.1,32,Sainsbury,2025-07-03,407,Liverpool
P00332,Laboriosam,Bakery,35.06,0.3,256,Tesco,2025-08-04,362,Birmingham
P00333,Cum,Bakery,36.42,0.27,237,Sainsbury,2025-10-27,337,Leeds
P00334,Illum,Snacks,13.89,0.0,171,Waitrose,2024-03-11,230,London
P00335,Esse,Dairy,36.13,0.22,346,Aldi,2024-01-25,517,Liverpool
P00336,Enim,Snacks,38.85,0.0,164,Lidl,2025-03-06,901,Liverpool
P00337,Saepe,Produce,34.86,0.03,200,Lidl,2024-05-19,526,London
P00338,Dolor,Produce,35.95,0.21,406,Waitrose,2025-06-15,718,Birmingham
P00339,Iste,Produce,20.89,0.29,30,Tesco,2024-12-14,359,Manchester
P00340,Vel,Bakery,37.02,0.02,214,Aldi,2024-10-07,636,Liverpool
P00341,Nulla,Frozen,43.33,0.24,291,Tesco,2024-02-07,672,London
P00342,Adipisci,Frozen,35.53,0.02,38,Aldi,2024-04-10,961,London
P00343,Recusandae,Frozen,49.31,0.06,358,Waitrose,2025-07-16,324,Leeds
P00344,Porro,Snacks,21.15,0.29,499,Tesco,2024-11-20,850,Leeds
P00345,Inventore,Beverages,14.48,0.22,234,Aldi,2025-02-10,133,Liverpool
P00346,Eum,Snacks,26.92,0.06,128,Sainsbury,2025-02-18,671,Manchester
P00347,Delectus,Frozen,17.54,0.01,365,Waitrose,2025-08-27,843,Liverpool
P00348,Laboriosam,Snacks,43.97,0.2,459,Aldi,2024-03-29,257,Leeds
P00349,Inventore,Frozen,43.09,0.24,146,Waitrose,2024-09-27,360,London
P00350,Modi,Frozen,14.67,0.03,116,Lidl,2023-12-10,204,Birmingham
P00351,Possimus,Produce,0.5,0.27,256,Waitrose,2025-02-01,121,London
P00352,Voluptatum,Snacks,40.86,0.19,305,Tesco,2024-02-02,65,Manchester
P00353,Nostrum,Beverages,10.98,0.28,450,Sainsbury,2024-09-19,198,Liverpool
P00354,Sit,Snacks,4.13,0.15,342,Waitrose,2024-08-03,26,Liverpool
P00355,Dignissimos,Produce,39.56,0.28,240,Sainsbury,2024-07-18,735,Manchester
P00356,Nostrum,Beverages,42.18,0.02,470,Sainsbury,2024-11-29,971,Liverpool
P00357,Ipsam,Beverages,49.31,0.27,180,Waitrose,2024-07-22,235,Liverpool
P00358,Sit,Produce,42.01,0.01,120,Aldi,2025-06-13,417,London
P00359,Perspiciatis,Produce,8.01,0.24,233,Lidl,2024-09-12,753,London
P00360,Odit,Produce,44.3,0.18,82,Aldi,2024-06-07,905,Liverpool
P00361,Veniam,Beverages,9.19,0.01,122,Lidl,2024-11-24,602,Manchester
P00362,Autem,Bakery,6.84,0.06,45,Lidl,2025-09-13,524,Leeds
P00363,Necessitatibus,Snacks,19.85,0.15,352,Waitrose,2025-05-07,687,Leeds
P00364,Assumenda,Dairy,11.31,0.26,82,Waitrose,2025-01-25,826,Birmingham
P00365,Magnam,Snacks,29.1,0.19,345,Tesco,2025-07-22,521,Manchester
P00366,Ducimus,Frozen,30.93,0.21,421,Tesco,2024-09-14,859,Liverpool
P00367,Sapiente,Bakery,9.4,0.1,135,Lidl,2024-03-29,577,Liverpool
P00368,Beatae,Dairy,19.33,0.06,215,Tesco,2025-06-09,551,Liverpool
P00369,Quidem,Dairy,7.85,0.08,40,Tesco,2024-02-10,208,Birmingham
P00370,Voluptates,Snacks,23.16,0.25,40,Sainsbury,2025-05-01,791,London
P00371,Distinctio,Snacks,14.97,0.12,449,Sainsbury,2024-08-23,252,Leeds
P00372,Ad,Snacks,11.02,0.18,379,Aldi,2024-02-02,541,Manchester
P00373,Error,Snacks,19.83,0.1,476,Aldi,2024-07-30,582,London
P00374,Totam,Bakery,38.48,0.02,32,Tesco,2025-01-21,980,Manchester
P00375,Quidem,Beverages,24.53,0.25,11,Tesco,2025-03-20,272,Leeds
P00376,Aliquid,Produce,40.03,0.25,145,Tesco,2025-01-31,343,Birmingham
P00377,Pariatur,Frozen,21.8,0.25,479,Sainsbury,2025-09-20,933,London
P00378,Tenetur,Snacks,10.19,0.19,94,Aldi,2025-05-08,525,Leeds
P00379,Porro,Bakery,40.76,0.18,237,Waitrose,2025-07-18,938,Manchester
P00380,Sapiente,Produce,4.52,0.04,412,Lidl,2025-09-16,445,Liverpool
P00381,Praesentium,Snacks,40.91,0.02,45,Sainsbury,2025-07-09,694,Leeds
P00382,Sit,Frozen,36.48,0.07,1,Tesco,2024-07-19,691,Leeds
P00383,Incidunt,Produce,33.62,0.16,25,Tesco,2024-01-16,624,London
P00384,Tenetur,Frozen,9.33,0.11,198,Lidl,2025-09-09,968,Manchester
P00385,Dignissimos,Dairy,13.52,0.29,79,Aldi,2024-05-20,47,Manchester
P00386,Quasi,Snacks,15.28,0.25,401,Lidl,2024-01-09,157,London
P00387,Repudiandae,Dairy,30.68,0.3,438,Lidl,2025-09-29,503,Manchester
P00388,Doloribus,Dairy,20.23,0.05,260,Tesco,2025-06-23,303,London
P00389,Quaerat,Frozen,3.0,0.07,160,Waitrose,2024-02-25,340,Manchester
P00390,Eius,Snacks,13.82,0.24,177,Lidl,2024-03-28,157,Manchester
P00391,Quidem,Produce,39.46,0.15,103,Lidl,2024-04-27,475,Birmingham
P00392,Provident,Frozen,31.56,0.14,302,Aldi,2025-05-17,308,Leeds
P00393,Porro,Produce,15.56,0.08,63,Waitrose,2024-12-02,165,Birmingham
P00394,A,Snacks,1.25,0.28,351,Lidl,2024-08-31,394,London
P00395,Veniam,Frozen,25.5,0.13,223,Tesco,2023-12-06,64,London
P00396,Recusandae,Produce,30.56,0.26,267,Waitrose,2024-01-28,484,London
P00397,Doloremque,Bakery,13.7,0.18,268,Aldi,2025-09-16,59,Liverpool
P00398,Facere,Frozen,5.16,0.09,415,Aldi,2025-01-11,424,London
P00399,Velit,Frozen,37.99,0.1,330,Aldi,2024-01-18,623,Birmingham
P00400,Non,Beverages,39.84,0.16,317,Waitrose,2025-03-03,207,London
P00401,Sed,Frozen,1.59,0.01,326,Sainsbury,2025-08-10,620,Manchester
P00402,Atque,Produce,12.79,0.05,426,Tesco,2025-02-08,165,Leeds
P00403,Sed,Produce,20.87,0.0,52,Aldi,2025-07-12,729,Liverpool
P00404,Deleniti,Bakery,6.86,0.21,463,Waitrose,2024-09-29,952,Birmingham
P00405,Alias,Snacks,27.34,0.16,492,Sainsbury,2024-03-08,15,London
P00406,Incidunt,Beverages,30.67,0.26,300,Tesco,2024-04-23,61,Leeds
P00407,Omnis,Snacks,20.88,0.1,32,Lidl,2024-02-02,333,Manchester
P00408,Maxime,Snacks,43.7,0.01,224,Tesco,2025-12-01,634,Leeds
P00409,Voluptate,Dairy,34.06,0.19,486,Aldi,2024-03-29,609,Birmingham
P00410,Voluptate,Bakery,26.74,0.04,26,Tesco,2025-06-14,801,Birmingham
P00411,Alias,Beverages,17.68,0.28,113,Sainsbury,2024-02-13,5,Manchester
P00412,Aperiam,Frozen,49.47,0.08,492,Sainsbury,2025-08-20,386,Birmingham
P00413,Beatae,Produce,33.38,0.18,445,Waitrose,2024-09-04,448,Birmingham
P00414,Magnam,Dairy,37.93,0.22,55,Sainsbury,2025-10-03,363,Birmingham
P00415,Excepturi,Beverages,16.68,0.06,117,Sainsbury,2025-08-10,727,London
P00416,Hic,Produce,43.11,0.14,0,Aldi,2024-09-04,190,London
P00417,Excepturi,Frozen,12.08,0.1,157,Waitrose,2025-09-24,43,London
P00418,Sequi,Beverages,8.68,0.2,442,Aldi,2024-06-13,923,Leeds
P00419,Tenetur,Frozen,27.64,0.01,29,Lidl,2024-05-15,531,Leeds
P00420,Quae,Dairy,11.06,0.16,189,Lidl,2024-05-14,800,London
P00421,Temporibus,Frozen,26.14,0.19,34,Tesco,2025-05-16,64,London
P00422,Enim,Bakery,21.57,0.13,258,Aldi,2025-09-18,191,London
P00423,Porro,Frozen,34.01,0.24,285,Lidl,2025-03-08,883,Leeds
P00424,Sed,Beverages,3.71,0.12,491,Tesco,2025-03-02,563,Manchester
P00425,Temporibus,Produce,48.26,0.13,404,Aldi,2024-03-02,492,Leeds
P00426,Ex,Snacks,45.4,0.22,438,Lidl,2024-07-28,595,Manchester
P00427,Saepe,Produce,30.76,0.19,471,Tesco,2024-07-11,704,Manchester
P00428,In,Snacks,14.03,0.23,343,Sainsbury,2024-05-20,230,Leeds
P00429,Consequatur,Beverages,38.24,0.17,470,Waitrose,2025-11-09,425,London
P00430,Impedit,Snacks,23.69,0.01,256,Lidl,2025-11-01,600,Liverpool
P00431,Quia,Frozen,13.54,0.29,203,Aldi,2025-09-10,891,Birmingham
P00432,Unde,Produce,36.29,0.21,254,Lidl,2025-11-27,42,London
P00433,Harum,Frozen,22.05,0.04,8,Lidl,2025-05-04,758,London
P00434,Dolore,Produce,31.64,0.04,336,Aldi,2025-06-25,187,Leeds
P00435,Illum,Bakery,6.74,0.11,294,Tesco,2024-11-06,161,Birmingham
P00436,In,Frozen,35.67,0.05,397,Tesco,2024-11-01,303,Birmingham
P00437,Fuga,Frozen,29.37,0.21,306,Waitrose,2024-03-12,768,London
P00438,Ducimus,Snacks,26.12,0.15,74,Lidl,2024-08-23,553,Birmingham
P00439,Corporis,Beverages,37.04,0.08,259,Sainsbury,2025-08-22,490,Birmingham
P00440,Vel,Frozen,47.47,0.24,247,Aldi,2024-09-03,628,London
P00441,Possimus,Frozen,18.21,0.26,13,Tesco,2025-05-15,447,London
P00442,Quis,Frozen,22.0,0.23,407,Sainsbury,2025-07-04,484,Birmingham
P00443,Debitis,Snacks,31.13,0.13,118,Lidl,2025-06-17,457,Manchester
P00444,Exercitationem,Frozen,28.38,0.23,294,Sainsbury,2025-03-12,939,Leeds
P00445,Velit,Produce,21.59,0.26,221,Lidl,2023-12-10,963,London
P00446,Saepe,Produce,20.16,0.17,132,Aldi,2025-05-07,264,London
P00447,Nihil,Dairy,45.56,0.14,168,Sainsbury,2025-09-04,922,Manchester
P00448,Quaerat,Frozen,12.84,0.1,411,Sainsbury,2023-12-11,896,Liverpool
P00449,Illo,Produce,5.27,0.11,137,Sainsbury,2025-08-19,979,Liverpool
P00450,Sequi,Frozen,19.2,0.26,429,Lidl,2025-05-03,662,Leeds
P00451,Distinctio,Bakery,34.95,0.21,12,Sainsbury,2025-11-25,711,Liverpool
P00452,Provident,Beverages,15.31,0.29,68,Waitrose,2024-05-24,702,Leeds
P00453,Ducimus,Beverages,31.3,0.11,339,Sainsbury,2025-08-13,842,Liverpool
P00454,Amet,Snacks,4.47,0.03,0,Lidl,2024-02-28,491,London
P00455,Doloribus,Bakery,32.3,0.26,431,Aldi,2024-12-10,940,London
P00456,Iste,Frozen,3.26,0.29,176,Lidl,2024-02-27,162,Leeds
P00457,Minus,Dairy,3.38,0.17,226,Lidl,2025-06-14,284,Birmingham
P00458,Quos,Beverages,11.21,0.19,362,Lidl,2025-06-29,631,Liverpool
P00459,Quod,Beverages,5.26,0.26,320,Tesco,2024-01-03,105,Manchester
P00460,Facilis,Produce,0.53,0.25,148,Waitrose,2025-10-08,416,Liverpool
P00461,Magni,Beverages,17.54,0.03,217,Lidl,2025-10-05,538,London
P00462,Dolorem,Snacks,9.78,0.16,172,Lidl,2025-10-29,642,Liverpool
P00463,Ea,Snacks,17.68,0.17,116,Lidl,2025-07-11,190,London
P00464,Totam,Produce,39.58,0.27,208,Aldi,2024-12-26,565,Liverpool
P00465,Commodi,Frozen,15.86,0.05,395,Waitrose,2025-09-24,66,Manchester
P00466,Alias,Bakery,10.45,0.17,326,Aldi,2023-12-20,750,Leeds
P00467,At,Snacks,48.98,0.1,120,Tesco,2024-05-08,509,Leeds
P00468,Repudiandae,Dairy,40.66,0.15,77,Sainsbury,2025-10-05,360,Leeds
P00469,Aspernatur,Snacks,34.85,0.08,176,Sainsbury,2024-05-10,985,Liverpool
P00470,Rerum,Snacks,43.25,0.11,444,Aldi,2025-04-27,541,Leeds
P00471,Neque,Frozen,48.33,0.19,46,Tesco,2025-03-07,26,Birmingham
P00472,Repellat,Produce,47.75,0.27,341,Waitrose,2024-11-20,408,Manchester
P00473,Itaque,Beverages,32.24,0.1,245,Tesco,2024-12-16,102,Birmingham
P00474,Itaque,Beverages,14.96,0.17,357,Tesco,2025-08-13,99,Manchester
P00475,Non,Snacks,38.22,0.05,153,Waitrose,2023-12-31,98,Liverpool
P00476,Eum,Dairy,35.82,0.23,489,Waitrose,2025-07-23,409,Manchester
P00477,Debitis,Snacks,14.55,0.07,447,Sainsbury,2025-04-14,307,Manchester
P00478,Voluptates,Beverages,34.98,0.16,365,Sainsbury,2023-12-21,561,Birmingham
P00479,Excepturi,Dairy,4.55,0.2,412,Lidl,2025-06-12,191,Manchester
P00480,Voluptatem,Dairy,10.23,0.29,194,Sainsbury,2024-12-07,55,London
P00481,Voluptatum,Frozen,42.11,0.23,363,Sainsbury,2024-09-09,756,Birmingham
P00482,Quibusdam,Beverages,11.61,0.26,9,Lidl,2025-07-24,131,Liverpool
P00483,Laboriosam,Snacks,18.93,0.22,260,Sainsbury,2024-12-08,494,Manchester
P00484,Pariatur,Snacks,14.85,0.16,381,Aldi,2025-02-21,100,Leeds
P00485,Impedit,Frozen,49.21,0.12,210,Waitrose,2023-12-14,824,Leeds
P00486,Minus,Bakery,28.13,0.03,296,Tesco,2025-05-26,815,Birmingham
P00487,Cumque,Beverages,15.51,0.04,18,Aldi,2025-01-28,849,Birmingham
P00488,Dolorum,Bakery,10.14,0.2,80,Sainsbury,2024-07-01,384,Manchester
P00489,Impedit,Bakery,4.67,0.03,176,Sainsbury,2024-02-03,129,Birmingham
P00490,Natus,Beverages,15.74,0.24,472,Lidl,2024-02-05,660,London
P00491,Animi,Bakery,25.86,0.06,282,Tesco,2024-04-16,65,Leeds
P00492,Nesciunt,Bakery,6.37,0.26,442,Lidl,2024-02-14,901,Manchester
P00493,Eum,Beverages,20.75,0.22,19,Tesco,2025-01-29,262,Leeds
P00494,Ipsa,Bakery,47.32,0.22,417,Sainsbury,2024-09-06,75,Leeds
P00495,Id,Bakery,18.07,0.27,348,Lidl,2024-12-13,812,Birmingham
P00496,Quam,Beverages,29.34,0.24,406,Waitrose,2025-11-10,378,Birmingham
P00497,Praesentium,Beverages,34.97,0.26,153,Lidl,2024-11-17,468,Manchester
P00498,Nulla,Produce,26.06,0.14,429,Waitrose,2024-08-30,719,Manchester
P00499,Error,Produce,10.57,0.05,272,Waitrose,2025-02-28,733,Leeds
P00500,Officia,Bakery,5.54,0.24,485,Aldi,2025-08-02,205,Birmingham
P00501,Blanditiis,Dairy,48.3,0.01,297,Aldi,2024-08-13,688,Leeds
P00502,Excepturi,Snacks,3.31,0.17,470,Waitrose,2024-01-23,981,London
P00503,Quos,Beverages,31.76,0.19,179,Sainsbury,2024-04-11,479,Leeds
P00504,Odio,Bakery,48.87,0.08,138,Lidl,2025-09-14,781,Leeds
P00505,Temporibus,Produce,45.37,0.29,410,Waitrose,2025-03-16,855,London
P00506,Saepe,Frozen,17.85,0.08,297,Lidl,2025-08-12,138,London
P00507,Exercitationem,Snacks,5.87,0.01,331,Aldi,2024-04-03,944,Leeds
P00508,Aspernatur,Dairy,37.09,0.28,335,Lidl,2025-01-26,528,Birmingham
P00509,Necessitatibus,Produce,16.06,0.24,400,Aldi,2025-09-20,10,Manchester
P00510,Mollitia,Beverages,43.41,0.13,407,Aldi,2025-05-10,742,Leeds
P00511,Quis,Frozen,5.62,0.15,107,Lidl,2024-11-27,611,Liverpool
P00512,Itaque,Produce,45.38,0.03,359,Waitrose,2023-12-19,596,Leeds
P00513,At,Frozen,43.87,0.2,386,Aldi,2024-03-31,245,London
P00514,Sed,Frozen,40.09,0.23,139,Aldi,2024-03-22,923,Liverpool
P00515,Odit,Bakery,2.9,0.07,194,Sainsbury,2024-09-10,198,Manchester
P00516,Consequuntur,Frozen,26.26,0.06,291,Waitrose,2025-06-11,540,Manchester
P00517,Odit,Produce,41.59,0.11,303,Waitrose,2024-04-11,477,Manchester
P00518,Atque,Dairy,46.38,0.24,137,Tesco,2025-01-03,176,Birmingham
P00519,Voluptas,Bakery,32.84,0.2,234,Aldi,2025-04-05,690,London
P00520,Impedit,Dairy,34.68,0.01,413,Aldi,2024-12-12,938,Liverpool
P00521,Consequatur,Dairy,30.6,0.23,3,Tesco,2024-02-03,872,Liverpool
P00522,Mollitia,Dairy,46.61,0.0,165,Waitrose,2025-07-27,752,London
P00523,Inventore,Produce,8.46,0.24,13,Sainsbury,2024-10-23,962,Birmingham
P00524,Consequatur,Produce,21.15,0.06,344,Aldi,2024-07-14,751,London
P00525,Qui,Produce,22.31,0.15,107,Aldi,2024-10-03,709,Birmingham
P00526,Reprehenderit,Snacks,39.55,0.16,205,Tesco,2024-05-04,929,Leeds
P00527,Necessitatibus,Bakery,28.03,0.01,303,Lidl,2024-12-27,460,London
P00528,Animi,Bakery,39.19,0.25,500,Lidl,2024-08-23,799,Liverpool
P00529,Soluta,Dairy,7.72,0.07,262,Aldi,2024-06-07,319,Birmingham
P00530,Veniam,Bakery,46.16,0.1,465,Tesco,2024-12-30,177,London
P00531,Voluptatibus,Produce,28.83,0.1,64,Sainsbury,2024-11-18,882,Birmingham
P00532,At,Snacks,44.64,0.08,275,Lidl,2024-04-19,690,Birmingham
P00533,Non,Dairy,8.69,0.3,96,Tesco,2025-10-15,860,Leeds
P00534,Porro,Bakery,16.05,0.11,442,Sainsbury,2025-03-20,51,Birmingham
P00535,Dolores,Frozen,37.28,0.14,408,Aldi,2025-08-14,576,London
P00536,Ullam,Dairy,17.1,0.12,200,Aldi,2025-01-13,917,Leeds
P00537,Fugiat,Snacks,42.61,0.18,321,Aldi,2024-11-05,148,Leeds
P00538,Dicta,Frozen,7.22,0.17,466,Aldi,2025-06-27,523,Birmingham
P00539,Incidunt,Snacks,32.03,0.22,126,Sainsbury,2025-08-18,769,Birmingham
P00540,Assumenda,Frozen,40.68,0.26,232,Lidl,2024-02-18,751,Birmingham
P00541,Laudantium,Bakery,45.1,0.13,492,Sainsbury,2025-05-24,65,London
P00542,Magnam,Dairy,24.73,0.18,344,Waitrose,2024-02-17,937,London
P00543,Quis,Dairy,14.67,0.26,54,Waitrose,2025-08-13,745,Manchester
P00544,Ipsum,Bakery,14.68,0.05,233,Aldi,2024-12-12,856,Leeds
P00545,Ipsum,Frozen,16.18,0.03,232,Tesco,2024-07-13,681,Leeds
P00546,Quia,Dairy,33.49,0.26,275,Sainsbury,2024-05-16,489,Birmingham
P00547,Praesentium,Frozen,9.64,0.3,284,Tesco,2025-11-17,532,Birmingham
P00548,Veritatis,Dairy,1.27,0.25,445,Tesco,2024-05-02,819,Liverpool
P00549,Deleniti,Produce,26.83,0.22,68,Aldi,2025-11-24,958,Leeds
P00550,Ratione,Beverages,39.94,0.1,343,Aldi,2024-10-15,731,Liverpool
P00551,Deleniti,Frozen,4.76,0.29,315,Waitrose,2025-03-17,234,London
P00552,Dolorem,Snacks,21.82,0.09,427,Tesco,2024-06-19,812,Liverpool
P00553,Vitae,Beverages,37.43,0.28,197,Aldi,2025-11-09,378,Leeds
P00554,Alias,Bakery,18.25,0.25,386,Aldi,2024-07-20,724,Liverpool
P00555,Inventore,Bakery,30.02,0.19,299,Sainsbury,2025-04-25,260,Leeds
P00556,Qui,Produce,33.3,0.26,342,Sainsbury,2025-04-06,643,Birmingham
P00557,At,Produce,46.48,0.22,97,Waitrose,2024-12-13,10,Manchester
P00558,Voluptas,Snacks,7.41,0.14,500,Lidl,2025-04-16,56,Birmingham
P00559,Reiciendis,Bakery,38.44,0.11,202,Lidl,2024-08-26,220,Birmingham
P00560,Consequatur,Dairy,5.03,0.28,221,Lidl,2025-11-02,529,Leeds
P00561,Sint,Frozen,47.84,0.26,204,Sainsbury,2024-08-12,956,Liverpool
P00562,Delectus,Produce,20.57,0.23,34,Tesco,2025-11-08,220,London
P00563,Eum,Frozen,12.57,0.24,42,Waitrose,2025-11-07,730,Manchester
P00564,Natus,Beverages,47.97,0.12,417,Aldi,2025-03-11,985,Birmingham
P00565,Earum,Dairy,14.48,0.0,197,Aldi,2025-04-25,883,Liverpool
P00566,Blanditiis,Frozen,43.42,0.03,321,Lidl,2025-02-20,56,London
P00567,Voluptates,Produce,33.11,0.19,118,Aldi,2025-10-24,693,Manchester
P00568,Culpa,Bakery,24.63,0.25,155,Tesco,2024-11-02,301,Liverpool
P00569,Minus,Bakery,19.45,0.01,263,Sainsbury,2023-12-20,568,Birmingham
P00570,Alias,Bakery,30.42,0.04,284,Tesco,2024-12-06,600,Birmingham
P00571,Eum,Bakery,23.14,0.29,188,Lidl,2025-06-30,268,Birmingham
P00572,Blanditiis,Frozen,49.27,0.13,224,Sainsbury,2025-02-23,674,London
P00573,Debitis,Produce,10.95,0.09,115,Waitrose,2024-01-19,108,Liverpool
P00574,Quas,Bakery,5.1,0.28,373,Aldi,2025-10-31,207,Leeds
P00575,Temporibus,Snacks,48.57,0.18,57,Lidl,2024-04-14,601,London
P00576,Maiores,Bakery,49.75,0.21,281,Aldi,2025-09-04,78,London
P00577,Voluptatum,Beverages,20.2,0.12,173,Aldi,2024-11-18,896,Leeds
P00578,Similique,Frozen,36.63,0.08,448,Waitrose,2023-12-17,764,Birmingham
P00579,Sapiente,Bakery,33.85,0.29,166,Lidl,2024-04-16,379,Birmingham
P00580,Et,Dairy,25.15,0.25,449,Lidl,2025-04-25,166,Birmingham
P00581,Provident,Frozen,44.76,0.06,68,Sainsbury,2025-07-13,807,Birmingham
P00582,Pariatur,Bakery,9.08,0.06,500,Waitrose,2025-09-12,450,London
P00583,Asperiores,Frozen,47.46,0.13,422,Aldi,2024-06-23,917,Leeds
P00584,Nobis,Frozen,41.77,0.29,449,Waitrose,2025-06-22,194,Manchester
P00585,Ipsa,Snacks,11.74,0.06,365,Tesco,2024-11-01,600,Liverpool
P00586,Numquam,Snacks,21.75,0.23,317,Sainsbury,2025-05-30,118,Liverpool
P00587,Unde,Bakery,34.85,0.23,102,Lidl,2025-02-18,361,Birmingham
P00588,Asperiores,Beverages,27.88,0.19,273,Aldi,2024-11-09,43,Liverpool
P00589,Alias,Bakery,20.61,0.08,161,Aldi,2025-04-01,170,Leeds
P00590,Doloribus,Beverages,28.12,0.03,175,Sainsbury,2025-07-23,485,Liverpool
P00591,Blanditiis,Snacks,33.95,0.19,73,Tesco,2024-12-13,367,Birmingham
P00592,Dignissimos,Produce,36.61,0.23,24,Lidl,2024-10-28,693,Birmingham
P00593,Provident,Dairy,1.17,0.08,391,Aldi,2024-09-10,745,Leeds
P00594,Dolore,Bakery,14.13,0.17,470,Lidl,2024-08-17,919,Liverpool
P00595,Alias,Bakery,27.26,0.09,232,Lidl,2024-09-13,730,Liverpool
P00596,Iusto,Snacks,8.32,0.04,217,Tesco,2025-09-22,983,Manchester
P00597,Ipsum,Snacks,13.49,0.08,212,Sainsbury,2025-11-12,847,Leeds
P00598,Fugit,Snacks,42.78,0.29,176,Tesco,2024-09-28,922,London
P00599,Sint,Beverages,49.95,0.16,116,Aldi,2025-03-03,828,London
P00600,Similique,Produce,42.09,0.13,416,Aldi,2025-02-20,143,Liverpool
P00601,Natus,Dairy,9.44,0.03,301,Lidl,2025-10-29,676,Liverpool
P00602,Sapiente,Bakery,36.81,0.27,211,Sainsbury,2024-05-29,68,Birmingham
P00603,Provident,Snacks,14.05,0.28,181,Sainsbury,2023-12-21,869,Liverpool
P00604,Fugit,Dairy,37.63,0.08,331,Waitrose,2024-04-26,520,Manchester
P00605,Cum,Produce,40.65,0.09,485,Waitrose,2024-11-21,437,Manchester
P00606,Tenetur,Bakery,29.68,0.19,49,Aldi,2025-02-21,406,London
P00607,Nostrum,Beverages,45.56,0.19,299,Aldi,2024-05-03,736,Birmingham
P00608,Ducimus,Produce,40.17,0.22,166,Lidl,2025-01-11,95,Leeds
P00609,Laborum,Frozen,20.2,0.14,464,Lidl,2025-08-13,152,Liverpool
P00610,Rem,Produce,25.9,0.23,477,Tesco,2024-03-14,389,Liverpool
P00611,Perferendis,Beverages,4.85,0.06,271,Lidl,2024-05-02,407,Leeds
P00612,Occaecati,Beverages,40.75,0.12,153,Sainsbury,2024-12-08,896,Leeds
P00613,Quidem,Produce,22.23,0.3,60,Tesco,2024-04-29,670,Leeds
P00614,Quasi,Beverages,25.15,0.24,413,Tesco,2024-10-30,536,Leeds
P00615,Nobis,Snacks,3.97,0.19,37,Waitrose,2024-09-26,13,Leeds
P00616,Numquam,Frozen,13.28,0.16,444,Waitrose,2023-12-19,260,Manchester
P00617,Harum,Snacks,10.55,0.29,68,Sainsbury,2025-11-14,786,Leeds
P00618,Nemo,Frozen,5.88,0.25,251,Aldi,2025-10-02,248,Manchester
P00619,Expedita,Beverages,11.35,0.1,19,Sainsbury,2024-05-12,20,London
P00620,Temporibus,Snacks,7.65,0.12,396,Aldi,2025-07-02,648,Birmingham
P00621,Saepe,Snacks,2.08,0.17,95,Sainsbury,2024-01-13,101,London
P00622,Quos,Dairy,22.27,0.25,325,Aldi,2025-08-14,385,Manchester
P00623,Blanditiis,Produce,33.67,0.16,342,Sainsbury,2025-05-14,101,Leeds
P00624,Sed,Produce,47.4,0.11,365,Waitrose,2025-11-06,109,Birmingham
P00625,Voluptatibus,Bakery,41.34,0.14,388,Aldi,2024-02-20,799,Birmingham
P00626,Ullam,Snacks,42.86,0.16,73,Sainsbury,2024-08-07,77,Liverpool
P00627,Aliquid,Snacks,39.73,0.05,40,Tesco,2025-05-14,540,Liverpool
P00628,Sapiente,Produce,45.14,0.23,437,Sainsbury,2025-04-30,683,Manchester
P00629,Quo,Snacks,13.9,0.25,220,Aldi,2025-07-01,578,Birmingham
P00630,Excepturi,Snacks,26.86,0.21,411,Waitrose,2025-05-17,717,Leeds
P00631,Recusandae,Beverages,48.77,0.24,139,Aldi,2025-03-28,175,Birmingham
P00632,Perferendis,Snacks,27.09,0.12,460,Tesco,2024-11-24,130,Liverpool
P00633,Non,Dairy,1.9,0.09,218,Waitrose,2024-11-07,164,Leeds
P00634,Animi,Snacks,48.98,0.07,340,Waitrose,2024-12-22,125,Manchester
P00635,Dignissimos,Beverages,42.74,0.07,359,Tesco,2024-12-29,245,Liverpool
P00636,Reprehenderit,Bakery,0.64,0.1,384,Sainsbury,2025-05-19,541,Liverpool
P00637,Ratione,Beverages,48.11,0.03,116,Lidl,2024-10-25,166,Leeds
P00638,Dolore,Beverages,28.68,0.01,420,Waitrose,2024-09-02,633,Liverpool
P00639,Ipsam,Snacks,30.33,0.23,267,Tesco,2024-07-26,559,Leeds
P00640,Error,Beverages,42.75,0.24,320,Lidl,2024-11-01,741,Liverpool
P00641,Qui,Snacks,34.12,0.0,205,Tesco,2025-11-06,918,London
P00642,Necessitatibus,Produce,26.28,0.11,138,Lidl,2025-08-14,952,Liverpool
P00643,Voluptas,Bakery,4.01,0.12,297,Waitrose,2025-02-25,978,Manchester
P00644,Sit,Bakery,46.83,0.25,114,Lidl,2025-10-05,375,Manchester
P00645,Dolores,Produce,24.34,0.17,56,Aldi,2024-02-02,60,Manchester
P00646,Maiores,Snacks,15.48,0.16,183,Lidl,2024-02-18,627,Leeds
P00647,Officia,Snacks,43.24,0.01,409,Aldi,2024-12-07,245,Manchester
P00648,Odit,Snacks,28.52,0.18,348,Aldi,2024-12-24,294,Leeds
P00649,Maxime,Produce,8.46,0.23,206,Lidl,2025-06-03,520,Leeds
P00650,Rerum,Dairy,9.97,0.04,256,Aldi,2024-06-24,258,Leeds
P00651,Dicta,Produce,36.03,0.27,474,Waitrose,2025-05-10,589,Birmingham
P00652,Inventore,Produce,29.95,0.05,230,Sainsbury,2024-05-13,970,Liverpool
P00653,Magni,Beverages,4.01,0.08,235,Sainsbury,2024-06-11,219,Liverpool
P00654,Cupiditate,Produce,8.54,0.2,398,Lidl,2023-12-02,251,Leeds
P00655,Sequi,Snacks,37.81,0.26,468,Tesco,2025-05-31,390,London
P00656,Repellendus,Produce,1.17,0.23,344,Waitrose,2025-03-23,390,Manchester
P00657,Saepe,Frozen,32.63,0.23,42,Aldi,2025-08-15,398,Leeds
P00658,Saepe,Beverages,17.24,0.11,158,Sainsbury,2025-01-08,435,London
P00659,Minus,Frozen,30.69,0.16,29,Aldi,2024-03-03,453,Leeds
P00660,In,Frozen,27.77,0.05,96,Aldi,2025-11-04,647,Leeds
P00661,Sit,Bakery,17.24,0.1,287,Tesco,2024-08-31,334,Liverpool
P00662,Repellat,Produce,34.32,0.23,438,Waitrose,2024-03-15,972,Birmingham
P00663,Veniam,Frozen,27.13,0.25,284,Aldi,2024-06-13,74,Birmingham
P00664,Modi,Dairy,32.58,0.06,19,Tesco,2024-03-21,741,Liverpool
P00665,Unde,Frozen,11.96,0.1,393,Waitrose,2024-10-28,364,Leeds
P00666,Possimus,Frozen,9.53,0.14,354,Waitrose,2024-12-18,819,Manchester
P00667,Occaecati,Frozen,20.96,0.13,239,Aldi,2025-06-25,63,Liverpool
P00668,Officia,Frozen,13.44,0.1,278,Sainsbury,2024-01-20,242,London
P00669,Debitis,Beverages,41.82,0.01,459,Waitrose,2025-08-07,351,Manchester
P00670,Amet,Bakery,45.76,0.09,453,Sainsbury,2025-04-03,442,Liverpool
P00671,Autem,Bakery,49.57,0.29,134,Waitrose,2025-11-12,324,London
P00672,Nostrum,Dairy,24.04,0.13,226,Sainsbury,2025-02-17,36,Liverpool
P00673,Unde,Bakery,5.8,0.05,76,Tesco,2024-08-21,118,Manchester
P00674,Laudantium,Frozen,7.96,0.16,228,Lidl,2024-05-10,36,Liverpool
P00675,Exercitationem,Bakery,31.92,0.11,29,Sainsbury,2025-10-26,873,London
P00676,Debitis,Beverages,6.76,0.17,376,Waitrose,2025-11-30,320,Birmingham
P00677,Nemo,Snacks,46.49,0.22,43,Waitrose,2025-05-01,208,Liverpool
P00678,Architecto,Dairy,15.35,0.25,0,Waitrose,2025-09-10,459,Birmingham
P00679,Porro,Beverages,31.73,0.09,109,Waitrose,2025-04-12,517,Manchester
P00680,Quod,Produce,11.03,0.13,335,Lidl,2024-01-21,506,London
P00681,Fugit,Dairy,30.13,0.27,116,Sainsbury,2025-07-31,352,Liverpool
P00682,Dolorem,Produce,5.82,0.03,117,Lidl,2024-06-16,62,Leeds
P00683,Modi,Produce,1.79,0.04,88,Tesco,2024-10-27,461,Liverpool
P00684,Id,Produce,28.9,0.16,205,Tesco,2025-02-07,655,Leeds
P00685,Aperiam,Produce,38.49,0.13,269,Lidl,2024-10-19,529,Manchester
P00686,Velit,Dairy,17.38,0.07,161,Lidl,2025-08-13,814,Leeds
P00687,Quo,Produce,28.46,0.19,426,Waitrose,2024-08-18,225,Leeds
P00688,Maiores,Frozen,45.56,0.23,156,Aldi,2024-03-28,83,Manchester
P00689,Doloremque,Snacks,13.63,0.03,0,Tesco,2024-06-05,406,London
P00690,Fugiat,Frozen,43.83,0.21,409,Tesco,2025-11-19,569,Manchester
P00691,Repellendus,Beverages,33.0,0.19,78,Lidl,2024-04-18,818,Birmingham
P00692,Est,Dairy,47.06,0.08,124,Waitrose,2024-10-19,890,Birmingham
P00693,Earum,Frozen,43.19,0.29,295,Waitrose,2024-07-21,267,London
P00694,Perferendis,Snacks,11.09,0.18,80,Sainsbury,2025-06-21,266,Liverpool
P00695,Recusandae,Beverages,42.26,0.23,201,Tesco,2024-03-01,639,London
P00696,At,Dairy,22.34,0.01,90,Aldi,2025-09-10,838,Leeds
P00697,Quas,Snacks,8.47,0.28,328,Aldi,2025-11-05,637,Birmingham
P00698,Ratione,Produce,27.55,0.11,368,Aldi,2025-09-19,24,Liverpool
P00699,Optio,Snacks,13.72,0.23,348,Lidl,2024-07-14,107,Leeds
P00700,Reprehenderit,Produce,13.2,0.2,10,Tesco,2025-01-02,453,Liverpool
P00701,Aut,Frozen,11.14,0.21,475,Sainsbury,2024-10-18,711,London
P00702,Laboriosam,Dairy,31.52,0.27,9,Sainsbury,2023-12-15,151,Leeds
P00703,Consequatur,Produce,6.78,0.28,162,Tesco,2024-03-14,689,Liverpool
P00704,Quod,Snacks,49.42,0.19,323,Waitrose,2024-02-06,782,Birmingham
P00705,Maxime,Produce,19.51,0.01,68,Sainsbury,2025-05-08,981,Birmingham
P00706,Consectetur,Beverages,15.18,0.1,463,Lidl,2025-05-26,22,Leeds
P00707,Provident,Snacks,28.38,0.23,421,Tesco,2025-10-11,81,London
P00708,Sint,Snacks,8.97,0.06,98,Lidl,2023-12-10,609,Liverpool
P00709,Porro,Bakery,11.14,0.29,373,Tesco,2024-03-06,169,Liverpool
P00710,Odio,Bakery,15.18,0.22,295,Tesco,2024-02-03,865,Leeds
P00711,Fuga,Bakery,6.02,0.27,417,Tesco,2024-09-11,427,London
P00712,Nulla,Snacks,1.35,0.11,479,Tesco,2024-08-16,284,Manchester
P00713,Et,Frozen,41.78,0.14,327,Aldi,2024-05-29,142,Leeds
P00714,Ut,Frozen,8.28,0.26,330,Aldi,2025-04-15,900,Manchester
P00715,Exercitationem,Beverages,45.55,0.04,162,Sainsbury,2025-02-28,520,Liverpool
P00716,Autem,Beverages,38.43,0.12,109,Sainsbury,2024-12-12,463,Liverpool
P00717,Voluptatem,Produce,22.83,0.14,449,Tesco,2025-07-20,935,Leeds
P00718,Explicabo,Frozen,27.02,0.14,238,Aldi,2024-10-02,882,London
P00719,Similique,Dairy,14.1,0.11,368,Aldi,2024-02-16,993,Manchester
P00720,Animi,Frozen,3.87,0.26,210,Waitrose,2024-10-01,377,Leeds
P00721,Nulla,Beverages,4.55,0.17,156,Sainsbury,2024-06-20,664,Manchester
P00722,Ipsam,Snacks,12.6,0.2,30,Aldi,2024-02-25,295,Leeds
P00723,Sit,Frozen,9.7,0.13,311,Waitrose,2024-02-10,411,Manchester
P00724,Magni,Beverages,1.14,0.04,362,Tesco,2025-08-01,272,Birmingham
P00725,Deserunt,Dairy,10.89,0.13,291,Aldi,2025-02-01,859,Birmingham
P00726,Doloremque,Beverages,25.95,0.17,38,Lidl,2024-02-05,491,Leeds
P00727,Quia,Dairy,44.49,0.27,83,Aldi,2024-10-10,192,Leeds
P00728,Dignissimos,Bakery,28.49,0.29,465,Sainsbury,2025-05-26,19,Leeds
P00729,Inventore,Dairy,14.42,0.03,42,Waitrose,2024-12-11,945,London
P00730,Doloribus,Snacks,19.67,0.12,8,Sainsbury,2024-06-27,849,Leeds
P00731,Cum,Bakery,28.98,0.23,435,Waitrose,2024-11-17,245,Manchester
P00732,Debitis,Beverages,40.43,0.23,111,Sainsbury,2024-02-27,993,London
P00733,Mollitia,Snacks,36.13,0.1,373,Tesco,2023-12-02,933,London
P00734,Voluptatem,Snacks,35.67,0.23,41,Waitrose,2025-09-29,347,Manchester
P00735,Alias,Beverages,35.11,0.07,427,Waitrose,2024-06-13,417,Birmingham
P00736,Sequi,Snacks,33.07,0.3,213,Aldi,2024-04-04,556,Manchester
P00737,Quia,Beverages,30.94,0.2,490,Lidl,2025-01-21,174,Leeds
P00738,Magni,Frozen,17.07,0.29,53,Tesco,2024-10-25,485,London
P00739,Laborum,Beverages,37.32,0.07,282,Aldi,2025-03-23,789,Leeds
P00740,Explicabo,Bakery,27.14,0.12,277,Aldi,2025-09-21,558,Leeds
P00741,Enim,Frozen,30.98,0.02,251,Lidl,2024-12-24,199,London
P00742,Suscipit,Frozen,10.03,0.03,167,Aldi,2025-05-20,497,Manchester
P00743,Expedita,Beverages,3.55,0.18,28,Waitrose,2025-07-09,199,Birmingham
P00744,Iusto,Frozen,28.86,0.29,120,Tesco,2023-12-05,582,Birmingham
P00745,Nostrum,Dairy,9.8,0.29,240,Sainsbury,2023-12-19,931,Liverpool
P00746,Hic,Produce,15.69,0.27,235,Tesco,2024-08-22,859,Manchester
P00747,Suscipit,Bakery,6.88,0.13,454,Waitrose,2025-11-17,419,London
P00748,Quos,Dairy,29.48,0.3,24,Aldi,2025-09-11,659,London
P00749,Aspernatur,Produce,12.48,0.07,228,Lidl,2025-07-23,761,Liverpool
P00750,Minus,Produce,22.68,0.24,153,Lidl,2024-04-04,982,Manchester
P00751,Suscipit,Beverages,9.92,0.2,167,Sainsbury,2025-12-01,133,Manchester
P00752,Accusamus,Beverages,42.62,0.24,267,Waitrose,2025-01-22,379,London
P00753,Laborum,Snacks,21.76,0.13,307,Lidl,2024-03-05,360,Liverpool
P00754,Quam,Beverages,43.0,0.04,288,Waitrose,2024-09-26,214,Birmingham
P00755,Sit,Beverages,17.34,0.27,265,Waitrose,2024-08-17,70,Birmingham
P00756,Eum,Snacks,9.17,0.13,66,Sainsbury,2024-02-02,537,Liverpool
P00757,Officia,Bakery,8.66,0.21,230,Aldi,2024-12-25,771,London
P00758,Omnis,Dairy,46.5,0.06,189,Lidl,2024-05-12,968,Liverpool
P00759,Aperiam,Produce,0.73,0.23,299,Waitrose,2024-02-11,261,Birmingham
P00760,Et,Snacks,44.16,0.23,399,Sainsbury,2024-03-07,278,London
P00761,Perspiciatis,Snacks,37.91,0.27,182,Waitrose,2024-07-17,789,London
P00762,Nihil,Frozen,7.23,0.17,421,Lidl,2025-06-13,7,Leeds
P00763,Deleniti,Beverages,30.95,0.13,111,Aldi,2024-09-26,726,Birmingham
P00764,In,Beverages,49.45,0.24,421,Aldi,2025-05-14,29,Liverpool
P00765,Placeat,Snacks,6.16,0.01,423,Tesco,2023-12-30,18,London
P00766,In,Dairy,32.75,0.06,201,Lidl,2025-07-27,283,Manchester
P00767,Repellat,Frozen,21.04,0.29,343,Aldi,2024-03-31,628,Leeds
P00768,Dolores,Produce,9.68,0.18,351,Aldi,2025-02-10,593,Manchester
P00769,Delectus,Frozen,12.92,0.2,466,Tesco,2025-11-08,985,Liverpool
P00770,Expedita,Beverages,11.99,0.16,287,Sainsbury,2024-08-16,830,Leeds
P00771,Quae,Snacks,16.88,0.05,417,Sainsbury,2024-12-17,463,Birmingham
P00772,Quae,Beverages,41.08,0.1,246,Aldi,2024-12-17,729,London
P00773,Rem,Beverages,29.34,0.19,318,Waitrose,2024-01-08,535,London
P00774,Rerum,Beverages,32.63,0.08,223,Tesco,2024-08-21,313,Leeds
P00775,Impedit,Bakery,17.04,0.2,437,Tesco,2025-07-13,339,Leeds
P00776,Deleniti,Bakery,17.85,0.13,44,Aldi,2024-10-04,407,Liverpool
P00777,Tempora,Snacks,13.54,0.1,184,Sainsbury,2024-04-02,134,Manchester
P00778,Dolore,Dairy,35.35,0.23,84,Lidl,2025-06-14,22,Leeds
P00779,Accusantium,Bakery,42.98,0.18,69,Aldi,2024-06-01,893,Manchester
P00780,Iste,Frozen,14.05,0.25,272,Tesco,2024-07-10,331,Manchester
P00781,Beatae,Bakery,26.57,0.25,463,Lidl,2025-07-05,930,Liverpool
P00782,Aut,Bakery,39.16,0.08,162,Waitrose,2024-08-19,123,Birmingham
P00783,Vero,Produce,42.42,0.08,182,Waitrose,2025-06-16,383,Liverpool
P00784,Maxime,Frozen,13.26,0.18,339,Sainsbury,2024-02-15,138,Birmingham
P00785,Nostrum,Dairy,49.61,0.0,486,Waitrose,2024-03-12,175,Manchester
P00786,Hic,Produce,0.74,0.26,2,Aldi,2025-08-04,732,Birmingham
P00787,Quidem,Produce,11.36,0.2,44,Aldi,2025-08-16,951,Birmingham
P00788,Placeat,Frozen,27.25,0.28,318,Tesco,2025-06-15,890,Leeds
P00789,Amet,Frozen,14.02,0.17,357,Aldi,2023-12-26,841,London
P00790,Ducimus,Beverages,17.38,0.18,292,Sainsbury,2024-10-19,203,Birmingham
P00791,Quas,Beverages,27.74,0.08,303,Aldi,2024-11-09,264,Leeds
P00792,Amet,Frozen,7.24,0.26,241,Sainsbury,2025-10-04,566,Liverpool
P00793,Fuga,Snacks,32.37,0.02,431,Lidl,2024-11-03,456,Liverpool
P00794,Exercitationem,Dairy,8.25,0.03,423,Waitrose,2025-09-11,320,Birmingham
P00795,Repudiandae,Snacks,40.49,0.03,42,Sainsbury,2025-02-05,166,Leeds
P00796,Praesentium,Snacks,14.54,0.19,37,Waitrose,2025-04-15,991,Manchester
P00797,Error,Snacks,13.86,0.28,157,Waitrose,2024-08-10,665,London
P00798,Quasi,Beverages,34.35,0.24,444,Waitrose,2025-08-09,167,Liverpool
P00799,Eaque,Snacks,28.94,0.07,366,Waitrose,2025-04-15,57,London
P00800,Laborum,Beverages,12.61,0.29,182,Aldi,2025-06-21,10,Birmingham
P00801,Nostrum,Beverages,16.2,0.08,197,Tesco,2025-10-12,338,Birmingham
P00802,Ea,Bakery,43.85,0.1,228,Sainsbury,2024-12-11,660,Leeds
P00803,Debitis,Dairy,24.53,0.24,175,Waitrose,2024-12-24,724,Birmingham
P00804,Suscipit,Bakery,49.31,0.03,236,Tesco,2024-07-09,677,Birmingham
P00805,Aliquid,Produce,35.71,0.27,357,Aldi,2025-05-30,412,Birmingham
P00806,Earum,Produce,15.82,0.04,40,Waitrose,2025-03-07,140,London
P00807,Aliquid,Dairy,18.14,0.08,158,Tesco,2024-03-11,721,London
P00808,Aspernatur,Produce,20.95,0.08,5,Lidl,2025-06-19,195,Liverpool
P00809,Omnis,Beverages,27.15,0.26,230,Aldi,2025-03-30,919,Liverpool
P00810,Nam,Dairy,28.82,0.2,237,Aldi,2024-04-15,993,Manchester
P00811,Doloremque,Dairy,17.65,0.09,200,Lidl,2024-12-23,878,Liverpool
P00812,Dolores,Dairy,36.76,0.04,220,Lidl,2024-01-10,945,Birmingham
P00813,Voluptates,Produce,21.2,0.13,210,Aldi,2025-06-06,107,Leeds
P00814,Consequuntur,Dairy,12.42,0.23,274,Tesco,2024-06-10,231,Leeds
P00815,Cum,Dairy,2.06,0.22,256,Lidl,2024-01-19,405,Manchester
P00816,Autem,Dairy,25.5,0.27,244,Tesco,2024-12-31,329,Birmingham
P00817,Velit,Snacks,21.83,0.09,369,Aldi,2024-06-07,17,Manchester
P00818,Vitae,Bakery,20.5,0.22,386,Aldi,2025-02-07,353,Birmingham
P00819,Minima,Bakery,17.16,0.1,120,Lidl,2025-02-05,292,Manchester
P00820,Necessitatibus,Frozen,27.12,0.25,44,Aldi,2025-11-20,730,London
P00821,Adipisci,Beverages,22.39,0.07,471,Aldi,2024-02-11,90,Leeds
P00822,Quas,Produce,23.95,0.05,433,Waitrose,2023-12-23,46,Leeds
P00823,Magni,Snacks,8.12,0.01,234,Lidl,2023-12-14,529,Leeds
P00824,Ut,Dairy,8.83,0.29,123,Sainsbury,2025-04-01,513,Birmingham
P00825,Cumque,Frozen,16.93,0.17,94,Lidl,2024-08-29,235,Leeds
P00826,Vitae,Bakery,30.23,0.25,395,Sainsbury,2024-10-19,79,Liverpool
P00827,Reprehenderit,Produce,16.63,0.22,231,Lidl,2024-12-10,396,London
P00828,Facilis,Beverages,32.21,0.19,396,Waitrose,2025-08-30,855,Leeds
P00829,Quod,Bakery,33.84,0.15,69,Aldi,2025-03-13,732,Liverpool
P00830,Officiis,Snacks,2.03,0.12,161,Sainsbury,2024-10-07,762,Leeds
P00831,Necessitatibus,Dairy,26.95,0.13,385,Aldi,2024-10-24,422,London
P00832,Similique,Frozen,26.27,0.07,355,Aldi,2024-07-21,157,Birmingham
P00833,Error,Frozen,28.18,0.1,301,Sainsbury,2025-05-19,353,London
P00834,Nobis,Beverages,36.92,0.22,153,Sainsbury,2025-03-31,620,Liverpool
P00835,Delectus,Produce,9.39,0.2,110,Sainsbury,2024-04-07,735,Leeds
P00836,Qui,Dairy,0.89,0.17,24,Lidl,2025-10-03,796,Leeds
P00837,Ad,Produce,19.07,0.0,313,Tesco,2025-03-01,942,London
P00838,Ad,Beverages,30.81,0.17,373,Sainsbury,2024-10-25,92,Birmingham
P00839,Dolorem,Frozen,2.12,0.25,296,Tesco,2025-05-12,838,London
P00840,Velit,Frozen,22.95,0.23,0,Lidl,2025-03-20,806,Birmingham
P00841,Veritatis,Snacks,33.12,0.22,383,Sainsbury,2024-04-24,296,Birmingham
P00842,Libero,Produce,49.74,0.25,274,Sainsbury,2025-10-21,888,London
P00843,Esse,Beverages,22.53,0.27,306,Sainsbury,2024-09-05,932,London
P00844,Nostrum,Snacks,2.82,0.05,281,Waitrose,2024-05-24,506,Leeds
P00845,Reiciendis,Snacks,16.53,0.08,374,Aldi,2024-07-17,754,Birmingham
P00846,Tempora,Frozen,30.59,0.27,236,Waitrose,2025-10-04,830,Birmingham
P00847,Mollitia,Beverages,45.21,0.17,252,Waitrose,2025-05-03,816,Leeds
P00848,Iusto,Snacks,20.8,0.27,302,Aldi,2024-12-31,70,Leeds
P00849,Reiciendis,Snacks,13.29,0.18,404,Sainsbury,2025-09-09,449,Leeds
P00850,Itaque,Produce,4.31,0.24,418,Waitrose,2025-10-26,204,London
P00851,Tempore,Frozen,2.82,0.1,241,Lidl,2025-08-02,978,Leeds
P00852,Quia,Frozen,41.31,0.03,251,Lidl,2025-09-13,50,Manchester
P00853,Alias,Dairy,23.77,0.15,440,Lidl,2024-05-21,708,London
P00854,Eius,Beverages,32.57,0.3,102,Lidl,2025-05-04,240,London
P00855,Minus,Beverages,1.32,0.11,383,Waitrose,2025-08-30,460,Liverpool
P00856,Mollitia,Dairy,40.49,0.2,305,Waitrose,2024-04-30,668,Liverpool
P00857,Excepturi,Bakery,47.59,0.27,306,Aldi,2025-04-05,691,London
P00858,Voluptates,Frozen,31.33,0.25,56,Lidl,2025-05-10,318,Manchester
P00859,Perferendis,Snacks,21.4,0.2,190,Lidl,2023-12-12,296,London
P00860,Non,Bakery,42.28,0.01,412,Aldi,2025-05-25,437,Leeds
P00861,Laboriosam,Bakery,3.31,0.07,499,Aldi,2024-12-03,603,Birmingham
P00862,Velit,Snacks,29.05,0.01,268,Sainsbury,2024-09-17,103,Liverpool
P00863,Nobis,Beverages,1.18,0.05,310,Aldi,2025-03-23,666,Liverpool
P00864,Itaque,Frozen,19.89,0.25,461,Lidl,2024-04-22,372,London
P00865,Voluptates,Produce,45.57,0.02,77,Aldi,2025-07-25,986,London
P00866,Delectus,Dairy,8.37,0.23,422,Tesco,2025-03-21,195,Manchester
P00867,Totam,Produce,25.84,0.11,436,Tesco,2024-02-03,475,Manchester
P00868,Amet,Frozen,25.49,0.13,454,Lidl,2024-07-08,503,Manchester
P00869,Quaerat,Produce,12.64,0.22,479,Sainsbury,2025-01-05,921,London
P00870,Minima,Frozen,37.79,0.1,271,Waitrose,2024-08-14,897,Manchester
P00871,Praesentium,Bakery,3.8,0.14,97,Sainsbury,2024-10-29,552,Leeds
P00872,Mollitia,Snacks,30.61,0.15,438,Waitrose,2023-12-07,77,Manchester
P00873,Inventore,Produce,43.16,0.1,319,Aldi,2024-11-30,311,London
P00874,Praesentium,Produce,20.58,0.03,448,Sainsbury,2024-10-12,686,Leeds
P00875,Repellat,Frozen,34.59,0.29,32,Waitrose,2024-10-24,749,London
P00876,Ut,Beverages,47.3,0.17,102,Sainsbury,2025-04-14,907,London
P00877,Eius,Dairy,15.15,0.09,403,Tesco,2023-12-29,69,Manchester
P00878,Velit,Frozen,47.36,0.13,347,Lidl,2024-01-06,695,Liverpool
P00879,Reiciendis,Bakery,20.06,0.15,146,Tesco,2024-07-06,979,Leeds
P00880,Hic,Produce,6.58,0.11,138,Aldi,2025-01-19,226,London
P00881,Voluptate,Produce,6.06,0.24,409,Lidl,2025-08-02,34,Leeds
P00882,Reprehenderit,Beverages,27.54,0.22,28,Lidl,2025-02-23,933,London
P00883,Vitae,Frozen,49.21,0.09,133,Lidl,2023-12-22,0,Leeds
P00884,Dolore,Bakery,11.14,0.05,497,Waitrose,2025-04-01,838,Manchester
P00885,Placeat,Snacks,17.32,0.22,107,Aldi,2024-09-16,893,Birmingham
P00886,Eius,Produce,4.67,0.01,286,Sainsbury,2025-09-20,754,Manchester
P00887,Optio,Produce,44.7,0.0,463,Waitrose,2024-08-28,659,Manchester
P00888,Hic,Dairy,13.88,0.24,395,Tesco,2025-01-20,155,Manchester
P00889,Quasi,Produce,28.24,0.06,457,Lidl,2024-06-07,94,Manchester
P00890,Id,Bakery,39.0,0.04,99,Tesco,2024-11-01,592,Leeds
P00891,Quae,Dairy,33.83,0.19,5,Lidl,2025-04-18,826,Birmingham
P00892,Ad,Produce,18.85,0.05,184,Waitrose,2025-08-19,443,Leeds
P00893,Nihil,Dairy,47.43,0.05,383,Lidl,2024-01-26,487,Manchester
P00894,Debitis,Bakery,14.07,0.16,391,Aldi,2025-06-10,662,Manchester
P00895,Dolorem,Bakery,49.14,0.28,343,Lidl,2024-06-05,942,London
P00896,Molestiae,Produce,1.03,0.26,110,Lidl,2025-06-30,673,Liverpool
P00897,Dolorum,Snacks,34.87,0.04,50,Sainsbury,2024-12-26,367,Birmingham
P00898,Iure,Dairy,42.15,0.29,263,Waitrose,2024-01-16,521,Leeds
P00899,Commodi,Produce,13.5,0.13,23,Sainsbury,2024-10-13,138,Liverpool
P00900,Perferendis,Beverages,46.09,0.24,244,Tesco,2025-05-14,460,Leeds
P00901,Quaerat,Frozen,10.98,0.03,100,Tesco,2024-04-25,12,Leeds
P00902,Aperiam,Frozen,21.41,0.14,292,Sainsbury,2024-07-12,356,London
P00903,Eum,Beverages,38.65,0.22,194,Tesco,2024-04-10,15,London
P00904,Aliquam,Dairy,15.4,0.05,387,Tesco,2024-01-09,607,Leeds
P00905,Voluptatem,Beverages,48.54,0.06,371,Tesco,2024-07-08,12,Leeds
P00906,Magnam,Bakery,9.13,0.13,19,Lidl,2024-11-26,76,Manchester
P00907,Provident,Bakery,6.5,0.17,233,Waitrose,2024-08-19,662,Birmingham
P00908,Sapiente,Dairy,49.23,0.22,264,Sainsbury,2025-03-22,228,Liverpool
P00909,Ratione,Beverages,9.09,0.07,237,Sainsbury,2024-12-03,808,London
P00910,Odio,Frozen,5.3,0.19,404,Waitrose,2025-08-16,23,Birmingham
P00911,Ratione,Produce,14.66,0.17,181,Tesco,2025-05-09,229,London
P00912,Itaque,Dairy,3.79,0.13,239,Sainsbury,2025-03-21,696,Leeds
P00913,Deleniti,Snacks,29.01,0.14,360,Aldi,2024-08-04,794,Leeds
P00914,Veniam,Frozen,13.28,0.08,487,Lidl,2024-03-03,712,London
P00915,Nemo,Snacks,42.73,0.25,221,Aldi,2025-02-14,339,London
P00916,Eveniet,Produce,13.07,0.08,314,Aldi,2025-06-20,669,Manchester
P00917,A,Dairy,22.71,0.06,279,Lidl,2025-03-19,61,Liverpool
P00918,Voluptatibus,Beverages,36.37,0.11,55,Waitrose,2024-05-16,267,Birmingham
P00919,Perferendis,Snacks,6.49,0.3,348,Sainsbury,2025-01-19,215,Leeds
P00920,Numquam,Frozen,32.55,0.07,54,Waitrose,2024-09-03,245,London
P00921,Omnis,Frozen,34.12,0.01,7,Sainsbury,2023-12-28,777,Liverpool
P00922,Alias,Dairy,16.4,0.2,414,Waitrose,2025-04-15,390,London
P00923,Possimus,Dairy,12.5,0.26,20,Sainsbury,2025-03-29,486,Leeds
P00924,Aliquid,Dairy,1.47,0.01,435,Waitrose,2025-06-29,912,London
P00925,Neque,Frozen,21.63,0.18,94,Aldi,2024-11-07,978,Manchester
P00926,Atque,Beverages,20.0,0.12,155,Tesco,2024-10-28,151,Manchester
P00927,Sunt,Snacks,25.57,0.04,246,Waitrose,2025-05-11,965,Birmingham
P00928,Doloremque,Bakery,16.09,0.02,330,Sainsbury,2024-08-23,127,Manchester
P00929,Laborum,Frozen,5.83,0.2,248,Sainsbury,2024-06-23,960,Liverpool
P00930,Fuga,Beverages,41.3,0.22,342,Aldi,2025-05-24,208,Leeds
P00931,Recusandae,Bakery,47.59,0.13,218,Tesco,2024-11-15,652,Liverpool
P00932,Alias,Frozen,19.33,0.29,256,Tesco,2023-12-31,683,London
P00933,Error,Frozen,25.2,0.06,211,Lidl,2024-07-14,253,London
P00934,Laborum,Bakery,11.16,0.12,311,Lidl,2024-08-27,3,Leeds
P00935,Ut,Dairy,25.81,0.3,386,Sainsbury,2025-11-03,835,London
P00936,Magnam,Frozen,14.35,0.22,355,Waitrose,2024-09-10,139,Leeds
P00937,Placeat,Dairy,28.45,0.2,10,Tesco,2024-02-26,490,Manchester
P00938,Facilis,Bakery,28.24,0.05,225,Sainsbury,2024-02-23,372,London
P00939,Aliquam,Snacks,27.95,0.25,80,Aldi,2025-10-17,479,Liverpool
P00940,Neque,Dairy,23.0,0.0,339,Sainsbury,2025-08-27,478,Manchester
P00941,Facilis,Produce,32.01,0.27,336,Aldi,2023-12-28,871,Manchester
P00942,Maiores,Bakery,31.15,0.23,435,Tesco,2023-12-08,819,Liverpool
P00943,Neque,Beverages,49.56,0.24,121,Tesco,2025-03-10,68,London
P00944,Eius,Snacks,43.31,0.13,323,Aldi,2024-06-16,635,Manchester
P00945,Sint,Bakery,19.52,0.19,116,Lidl,2025-02-20,282,Liverpool
P00946,Quibusdam,Produce,6.61,0.09,475,Waitrose,2024-03-19,678,Birmingham
P00947,Repellat,Beverages,37.83,0.03,419,Tesco,2025-11-28,632,London
P00948,Facere,Produce,25.19,0.2,455,Sainsbury,2024-12-05,853,Leeds
P00949,Facilis,Bakery,15.39,0.19,194,Aldi,2025-04-02,215,Leeds
P00950,Repellendus,Bakery,8.81,0.0,421,Waitrose,2025-06-02,449,Manchester
P00951,Vel,Beverages,25.07,0.26,494,Tesco,2024-01-30,920,Liverpool
P00952,Animi,Frozen,46.3,0.07,346,Lidl,2024-12-21,278,Birmingham
P00953,Dolorem,Beverages,20.4,0.24,483,Tesco,2025-05-08,48,London
P00954,Perferendis,Beverages,41.02,0.27,141,Tesco,2025-04-13,163,Birmingham
P00955,Minus,Snacks,3.71,0.07,47,Waitrose,2025-09-30,800,Liverpool
P00956,Illo,Snacks,33.0,0.14,198,Aldi,2025-07-18,893,Birmingham
P00957,Vel,Beverages,0.94,0.26,126,Tesco,2024-04-01,614,Birmingham
P00958,Rem,Beverages,19.16,0.24,268,Lidl,2025-04-29,723,Liverpool
P00959,Explicabo,Beverages,49.26,0.28,98,Sainsbury,2025-01-09,37,Leeds
P00960,Odit,Bakery,38.26,0.13,267,Lidl,2023-12-15,444,London
P00961,Tempora,Dairy,26.2,0.15,169,Aldi,2024-02-23,476,London
P00962,Adipisci,Snacks,7.09,0.1,236,Waitrose,2024-01-11,870,London
P00963,Quaerat,Bakery,26.06,0.27,465,Aldi,2025-05-22,245,Birmingham
P00964,Autem,Bakery,34.63,0.15,75,Sainsbury,2024-09-08,790,London
P00965,Hic,Produce,41.21,0.17,500,Waitrose,2025-05-09,86,Manchester
P00966,Odio,Produce,10.18,0.2,443,Waitrose,2024-05-14,829,Leeds
P00967,Quae,Dairy,25.06,0.05,203,Lidl,2025-09-29,719,Liverpool
P00968,Aliquid,Dairy,17.19,0.01,190,Sainsbury,2024-08-08,907,Birmingham
P00969,Enim,Dairy,14.26,0.16,175,Sainsbury,2024-07-30,329,Liverpool
P00970,Animi,Snacks,26.29,0.07,205,Aldi,2025-03-04,573,Birmingham
P00971,Eaque,Beverages,12.2,0.21,244,Waitrose,2024-12-19,395,Birmingham
P00972,Exercitationem,Frozen,17.33,0.03,434,Sainsbury,2024-11-02,1000,Manchester
P00973,Consectetur,Frozen,3.85,0.27,331,Lidl,2023-12-07,799,Liverpool
P00974,Libero,Dairy,39.19,0.29,69,Aldi,2025-02-09,85,Birmingham
P00975,Earum,Frozen,14.03,0.07,372,Waitrose,2024-02-04,187,Birmingham
P00976,Ipsum,Snacks,40.95,0.05,65,Aldi,2024-01-06,902,Liverpool
P00977,Ipsum,Frozen,44.35,0.11,357,Lidl,2024-07-01,782,Liverpool
P00978,Temporibus,Snacks,44.72,0.07,391,Sainsbury,2024-01-08,203,Leeds
P00979,Doloremque,Snacks,20.72,0.07,359,Lidl,2023-12-07,68,Leeds
P00980,Impedit,Snacks,27.49,0.17,18,Waitrose,2024-10-27,829,Birmingham
P00981,Commodi,Frozen,18.58,0.27,414,Tesco,2025-04-05,521,London
P00982,Nihil,Produce,23.68,0.04,21,Aldi,2025-08-07,300,London
P00983,Illum,Bakery,33.96,0.13,282,Tesco,2025-03-23,739,Manchester
P00984,Modi,Frozen,25.01,0.2,402,Aldi,2024-05-24,388,London
P00985,Ipsam,Bakery,30.76,0.3,100,Aldi,2025-09-13,582,Leeds
P00986,Optio,Frozen,23.29,0.11,311,Waitrose,2024-08-22,838,Leeds
P00987,Neque,Dairy,42.37,0.27,490,Sainsbury,2025-03-17,651,Liverpool
P00988,Voluptatibus,Dairy,48.91,0.0,351,Aldi,2024-09-19,428,Liverpool
P00989,Ullam,Dairy,30.08,0.07,360,Sainsbury,2024-06-27,892,London
P00990,Eum,Frozen,31.87,0.14,353,Sainsbury,2024-03-04,587,London
P00991,Numquam,Bakery,30.62,0.08,384,Tesco,2025-05-12,415,Liverpool
P00992,Facere,Beverages,42.13,0.14,196,Aldi,2025-03-01,608,Liverpool
P00993,Harum,Snacks,49.54,0.18,463,Sainsbury,2024-09-02,260,Leeds
P00994,Laborum,Snacks,25.11,0.27,439,Waitrose,2025-04-10,165,Manchester
P00995,Quam,Dairy,0.6,0.24,9,Lidl,2025-10-06,69,Liverpool
P00996,Officiis,Snacks,46.61,0.09,146,Tesco,2025-10-24,119,Liverpool
P00997,Aut,Frozen,9.95,0.04,412,Waitrose,2024-12-01,309,Birmingham
P00998,Quibusdam,Snacks,17.34,0.15,200,Aldi,2025-02-25,354,Liverpool
P00999,Quis,Produce,6.43,0.05,478,Aldi,2024-06-24,954,Birmingham
P01000,Vero,Snacks,42.23,0.28,209,Tesco,2025-06-19,515,Birmingham
